[{"id":"73e1dc6c-8441-42cc-ad47-4bd3659f8a3a","alias":"SPLodashSubset","componentType":"Library","version":"1.15.2","manifestVersion":2,"loaderConfig":{"internalModuleBaseUrls":["https://localhost:4321/node_modules/@microsoft/sp-search-extensibility/node_modules/@microsoft/sp-lodash-subset/dist/"],"entryModuleId":"sp-lodash-subset","scriptResources":{"sp-lodash-subset":{"type":"path","path":"sp-lodash-subset_4f1f36b2fbc60c8734a5.js"}}}},{"id":"73e1dc6c-8441-42cc-ad47-4bd3659f8a3a","alias":"SPLodashSubset","componentType":"Library","version":"1.14.0","manifestVersion":2,"loaderConfig":{"internalModuleBaseUrls":["https://localhost:4321/node_modules/@microsoft/sp-lodash-subset/dist/"],"entryModuleId":"sp-lodash-subset","scriptResources":{"sp-lodash-subset":{"type":"path","path":"sp-lodash-subset_b0090208238725ab2db3.js"}}}},{"id":"7263c7d0-1d6a-45ec-8d85-d4d1d234171b","alias":"SPCoreLibrary","componentType":"Library","version":"1.15.2","manifestVersion":2,"loaderConfig":{"internalModuleBaseUrls":["https://localhost:4321/node_modules/@microsoft/sp-search-extensibility/node_modules/@microsoft/sp-core-library/dist/","https://localhost:4321/dist/"],"entryModuleId":"sp-core-library","scriptResources":{"sp-core-library":{"type":"localizedPath","paths":{"default":"sp-core-library_default_76ae609ab9521b99a020.js","en-US":"sp-core-library_en-us_76ae609ab9521b99a020.js","qps-ploca":"sp-core-library_qps-ploca_76ae609ab9521b99a020.js","qps-ploc":"sp-core-library_qps-ploc_76ae609ab9521b99a020.js","en-GB":"sp-core-library_en-us_76ae609ab9521b99a020.js","en-NZ":"sp-core-library_en-us_76ae609ab9521b99a020.js","en-IE":"sp-core-library_en-us_76ae609ab9521b99a020.js","en-AU":"sp-core-library_en-us_76ae609ab9521b99a020.js","bn":"sp-core-library_en-us_76ae609ab9521b99a020.js","chr":"sp-core-library_en-us_76ae609ab9521b99a020.js","dv":"sp-core-library_en-us_76ae609ab9521b99a020.js","div":"sp-core-library_en-us_76ae609ab9521b99a020.js","en":"sp-core-library_en-us_76ae609ab9521b99a020.js","fil":"sp-core-library_en-us_76ae609ab9521b99a020.js","haw":"sp-core-library_en-us_76ae609ab9521b99a020.js","iu":"sp-core-library_en-us_76ae609ab9521b99a020.js","lo":"sp-core-library_en-us_76ae609ab9521b99a020.js","moh":"sp-core-library_en-us_76ae609ab9521b99a020.js","sq":"sp-core-library_en-us_76ae609ab9521b99a020.js","am":"sp-core-library_en-us_76ae609ab9521b99a020.js","hy":"sp-core-library_en-us_76ae609ab9521b99a020.js","mk":"sp-core-library_en-us_76ae609ab9521b99a020.js","bs":"sp-core-library_en-us_76ae609ab9521b99a020.js","my":"sp-core-library_en-us_76ae609ab9521b99a020.js","dz":"sp-core-library_en-us_76ae609ab9521b99a020.js","en-CY":"sp-core-library_en-us_76ae609ab9521b99a020.js","en-EG":"sp-core-library_en-us_76ae609ab9521b99a020.js","en-IL":"sp-core-library_en-us_76ae609ab9521b99a020.js","en-IS":"sp-core-library_en-us_76ae609ab9521b99a020.js","en-JO":"sp-core-library_en-us_76ae609ab9521b99a020.js","en-KE":"sp-core-library_en-us_76ae609ab9521b99a020.js","en-KW":"sp-core-library_en-us_76ae609ab9521b99a020.js","en-MK":"sp-core-library_en-us_76ae609ab9521b99a020.js","en-MT":"sp-core-library_en-us_76ae609ab9521b99a020.js","en-PK":"sp-core-library_en-us_76ae609ab9521b99a020.js","en-QA":"sp-core-library_en-us_76ae609ab9521b99a020.js","en-SA":"sp-core-library_en-us_76ae609ab9521b99a020.js","en-LK":"sp-core-library_en-us_76ae609ab9521b99a020.js","en-AE":"sp-core-library_en-us_76ae609ab9521b99a020.js","en-VN":"sp-core-library_en-us_76ae609ab9521b99a020.js","is":"sp-core-library_en-us_76ae609ab9521b99a020.js","km":"sp-core-library_en-us_76ae609ab9521b99a020.js","kh":"sp-core-library_en-us_76ae609ab9521b99a020.js","mt":"sp-core-library_en-us_76ae609ab9521b99a020.js","fa":"sp-core-library_en-us_76ae609ab9521b99a020.js","gd":"sp-core-library_en-us_76ae609ab9521b99a020.js","sr-Cyrl-BA":"sp-core-library_en-us_76ae609ab9521b99a020.js","sr-Latn-BA":"sp-core-library_en-us_76ae609ab9521b99a020.js","sd":"sp-core-library_en-us_76ae609ab9521b99a020.js","si":"sp-core-library_en-us_76ae609ab9521b99a020.js","so":"sp-core-library_en-us_76ae609ab9521b99a020.js","ti-ET":"sp-core-library_en-us_76ae609ab9521b99a020.js","uz":"sp-core-library_en-us_76ae609ab9521b99a020.js","en-SG":"sp-core-library_en-us_76ae609ab9521b99a020.js","en-HK":"sp-core-library_en-us_76ae609ab9521b99a020.js","en-MY":"sp-core-library_en-us_76ae609ab9521b99a020.js","en-PH":"sp-core-library_en-us_76ae609ab9521b99a020.js","en-TT":"sp-core-library_en-us_76ae609ab9521b99a020.js","en-AZ":"sp-core-library_en-us_76ae609ab9521b99a020.js","en-BH":"sp-core-library_en-us_76ae609ab9521b99a020.js","en-BN":"sp-core-library_en-us_76ae609ab9521b99a020.js","en-ID":"sp-core-library_en-us_76ae609ab9521b99a020.js","mi":"sp-core-library_en-us_76ae609ab9521b99a020.js"},"defaultPath":"sp-core-library_default_76ae609ab9521b99a020.js"},"tslib":{"type":"component","id":"01c4df03-e775-48cb-aa14-171ee5199a15","version":"2.3.1"},"@ms/odsp-core-bundle":{"type":"component","id":"2e09fb9b-13bb-48f2-859f-97d6fff71176","version":"1.1.359"},"@microsoft/sp-lodash-subset":{"type":"component","id":"73e1dc6c-8441-42cc-ad47-4bd3659f8a3a","version":"1.15.2"}}}},{"id":"7263c7d0-1d6a-45ec-8d85-d4d1d234171b","alias":"SPCoreLibrary","componentType":"Library","version":"1.14.0","manifestVersion":2,"loaderConfig":{"internalModuleBaseUrls":["https://localhost:4321/node_modules/@microsoft/sp-core-library/dist/","https://localhost:4321/dist/"],"entryModuleId":"sp-core-library","scriptResources":{"sp-core-library":{"type":"localizedPath","paths":{"default":"sp-core-library_default_61a964b31ad6604a8f78.js","en-US":"sp-core-library_en-us_61a964b31ad6604a8f78.js","qps-ploca":"sp-core-library_qps-ploca_61a964b31ad6604a8f78.js","qps-ploc":"sp-core-library_qps-ploc_61a964b31ad6604a8f78.js","en-GB":"sp-core-library_en-us_61a964b31ad6604a8f78.js","en-NZ":"sp-core-library_en-us_61a964b31ad6604a8f78.js","en-IE":"sp-core-library_en-us_61a964b31ad6604a8f78.js","en-AU":"sp-core-library_en-us_61a964b31ad6604a8f78.js","bn":"sp-core-library_en-us_61a964b31ad6604a8f78.js","chr":"sp-core-library_en-us_61a964b31ad6604a8f78.js","dv":"sp-core-library_en-us_61a964b31ad6604a8f78.js","div":"sp-core-library_en-us_61a964b31ad6604a8f78.js","en":"sp-core-library_en-us_61a964b31ad6604a8f78.js","fil":"sp-core-library_en-us_61a964b31ad6604a8f78.js","haw":"sp-core-library_en-us_61a964b31ad6604a8f78.js","iu":"sp-core-library_en-us_61a964b31ad6604a8f78.js","lo":"sp-core-library_en-us_61a964b31ad6604a8f78.js","moh":"sp-core-library_en-us_61a964b31ad6604a8f78.js","sq":"sp-core-library_en-us_61a964b31ad6604a8f78.js","am":"sp-core-library_en-us_61a964b31ad6604a8f78.js","hy":"sp-core-library_en-us_61a964b31ad6604a8f78.js","mk":"sp-core-library_en-us_61a964b31ad6604a8f78.js","bs":"sp-core-library_en-us_61a964b31ad6604a8f78.js","my":"sp-core-library_en-us_61a964b31ad6604a8f78.js","dz":"sp-core-library_en-us_61a964b31ad6604a8f78.js","en-CY":"sp-core-library_en-us_61a964b31ad6604a8f78.js","en-EG":"sp-core-library_en-us_61a964b31ad6604a8f78.js","en-IL":"sp-core-library_en-us_61a964b31ad6604a8f78.js","en-IS":"sp-core-library_en-us_61a964b31ad6604a8f78.js","en-JO":"sp-core-library_en-us_61a964b31ad6604a8f78.js","en-KE":"sp-core-library_en-us_61a964b31ad6604a8f78.js","en-KW":"sp-core-library_en-us_61a964b31ad6604a8f78.js","en-MK":"sp-core-library_en-us_61a964b31ad6604a8f78.js","en-MT":"sp-core-library_en-us_61a964b31ad6604a8f78.js","en-PK":"sp-core-library_en-us_61a964b31ad6604a8f78.js","en-QA":"sp-core-library_en-us_61a964b31ad6604a8f78.js","en-SA":"sp-core-library_en-us_61a964b31ad6604a8f78.js","en-LK":"sp-core-library_en-us_61a964b31ad6604a8f78.js","en-AE":"sp-core-library_en-us_61a964b31ad6604a8f78.js","en-VN":"sp-core-library_en-us_61a964b31ad6604a8f78.js","is":"sp-core-library_en-us_61a964b31ad6604a8f78.js","km":"sp-core-library_en-us_61a964b31ad6604a8f78.js","kh":"sp-core-library_en-us_61a964b31ad6604a8f78.js","mt":"sp-core-library_en-us_61a964b31ad6604a8f78.js","fa":"sp-core-library_en-us_61a964b31ad6604a8f78.js","gd":"sp-core-library_en-us_61a964b31ad6604a8f78.js","sr-Cyrl-BA":"sp-core-library_en-us_61a964b31ad6604a8f78.js","sr-Latn-BA":"sp-core-library_en-us_61a964b31ad6604a8f78.js","sd":"sp-core-library_en-us_61a964b31ad6604a8f78.js","si":"sp-core-library_en-us_61a964b31ad6604a8f78.js","so":"sp-core-library_en-us_61a964b31ad6604a8f78.js","ti-ET":"sp-core-library_en-us_61a964b31ad6604a8f78.js","uz":"sp-core-library_en-us_61a964b31ad6604a8f78.js","en-SG":"sp-core-library_en-us_61a964b31ad6604a8f78.js","en-HK":"sp-core-library_en-us_61a964b31ad6604a8f78.js","en-MY":"sp-core-library_en-us_61a964b31ad6604a8f78.js","en-PH":"sp-core-library_en-us_61a964b31ad6604a8f78.js","en-TT":"sp-core-library_en-us_61a964b31ad6604a8f78.js","en-AZ":"sp-core-library_en-us_61a964b31ad6604a8f78.js","en-BH":"sp-core-library_en-us_61a964b31ad6604a8f78.js","en-BN":"sp-core-library_en-us_61a964b31ad6604a8f78.js","en-ID":"sp-core-library_en-us_61a964b31ad6604a8f78.js","mi":"sp-core-library_en-us_61a964b31ad6604a8f78.js"},"defaultPath":"sp-core-library_default_61a964b31ad6604a8f78.js"},"tslib":{"type":"component","id":"01c4df03-e775-48cb-aa14-171ee5199a15","version":"1.10.0"},"@ms/odsp-core-bundle":{"type":"component","id":"2e09fb9b-13bb-48f2-859f-97d6fff71176","version":"1.1.258"},"@microsoft/sp-lodash-subset":{"type":"component","id":"73e1dc6c-8441-42cc-ad47-4bd3659f8a3a","version":"1.14.0"}}}},{"id":"02a01e42-69ab-403d-8a16-acd128661f8e","alias":"OfficeUIFabricReact","componentType":"Library","version":"1.15.2","manifestVersion":2,"loaderConfig":{"internalModuleBaseUrls":["https://localhost:4321/node_modules/@microsoft/sp-search-extensibility/node_modules/@microsoft/office-ui-fabric-react-bundle/dist/","https://localhost:4321/dist/"],"entryModuleId":"office-ui-fabric-react-bundle","scriptResources":{"office-ui-fabric-react-bundle":{"type":"path","path":"office-ui-fabric-react-bundle_none_5dfb45bef9b2cf53b22c.js"},"tslib":{"type":"component","id":"01c4df03-e775-48cb-aa14-171ee5199a15","version":"2.3.1"},"react":{"type":"component","id":"0d910c1c-13b9-4e1c-9aa4-b008c5e42d7d","version":"16.13.1"},"react-dom":{"type":"component","id":"aa0a46ec-1505-43cd-a44a-93f3a5aa460a","version":"16.13.1"},"@ms/uifabric-styling-bundle":{"type":"component","id":"17ce0976-e69a-4355-be84-89b69a74717d","version":"0.1.4"}}}},{"id":"02a01e42-69ab-403d-8a16-acd128661f8e","alias":"OfficeUIFabricReact","componentType":"Library","version":"1.14.0","manifestVersion":2,"loaderConfig":{"internalModuleBaseUrls":["https://localhost:4321/node_modules/@microsoft/sp-property-pane/node_modules/@microsoft/office-ui-fabric-react-bundle/dist/","https://localhost:4321/dist/"],"entryModuleId":"office-ui-fabric-react-bundle","scriptResources":{"office-ui-fabric-react-bundle":{"type":"path","path":"office-ui-fabric-react-bundle_none_515f97f811e3e9fdf0fd.js"},"tslib":{"type":"component","id":"01c4df03-e775-48cb-aa14-171ee5199a15","version":"1.10.0"},"react":{"type":"component","id":"0d910c1c-13b9-4e1c-9aa4-b008c5e42d7d","version":"16.13.1"},"react-dom":{"type":"component","id":"aa0a46ec-1505-43cd-a44a-93f3a5aa460a","version":"16.13.1"},"@ms/uifabric-styling-bundle":{"type":"component","id":"17ce0976-e69a-4355-be84-89b69a74717d","version":"0.1.3"}}}},{"manifestVersion":2,"id":"78359e4b-07c2-43c6-8d0b-d060b4d577e8","alias":"SPDiagnostics","componentType":"Library","version":"1.15.2","loaderConfig":{"internalModuleBaseUrls":["https://localhost:4321/node_modules/@microsoft/sp-search-extensibility/node_modules/@microsoft/sp-diagnostics/dist/","https://localhost:4321/dist/"],"entryModuleId":"sp-diagnostics","scriptResources":{"sp-diagnostics":{"type":"path","path":"sp-diagnostics_none_5498e5b7f30999e38c4d.js"},"tslib":{"type":"component","id":"01c4df03-e775-48cb-aa14-171ee5199a15","version":"2.3.1"},"@microsoft/sp-lodash-subset":{"type":"component","id":"73e1dc6c-8441-42cc-ad47-4bd3659f8a3a","version":"1.15.2"},"@microsoft/sp-core-library":{"type":"component","id":"7263c7d0-1d6a-45ec-8d85-d4d1d234171b","version":"1.15.2"}}}},{"manifestVersion":2,"id":"78359e4b-07c2-43c6-8d0b-d060b4d577e8","alias":"SPDiagnostics","componentType":"Library","version":"1.14.0","loaderConfig":{"internalModuleBaseUrls":["https://localhost:4321/node_modules/@microsoft/sp-property-pane/node_modules/@microsoft/sp-diagnostics/dist/","https://localhost:4321/dist/"],"entryModuleId":"sp-diagnostics","scriptResources":{"sp-diagnostics":{"type":"path","path":"sp-diagnostics_none_0e1020d89ea111e40773.js"},"tslib":{"type":"component","id":"01c4df03-e775-48cb-aa14-171ee5199a15","version":"1.10.0"},"@microsoft/sp-lodash-subset":{"type":"component","id":"73e1dc6c-8441-42cc-ad47-4bd3659f8a3a","version":"1.14.0"},"@microsoft/sp-core-library":{"type":"component","id":"7263c7d0-1d6a-45ec-8d85-d4d1d234171b","version":"1.14.0"}}}},{"manifestVersion":2,"id":"e40f8203-b39d-425a-a957-714852e33b79","alias":"SPDynamicData","componentType":"Library","version":"1.15.2","loaderConfig":{"internalModuleBaseUrls":["https://localhost:4321/node_modules/@microsoft/sp-search-extensibility/node_modules/@microsoft/sp-dynamic-data/dist/","https://localhost:4321/dist/"],"entryModuleId":"sp-dynamic-data","scriptResources":{"sp-dynamic-data":{"type":"localizedPath","paths":{"default":"sp-dynamic-data_default_0a5adc1e375398a8a6d1.js","en-US":"sp-dynamic-data_en-us_0a5adc1e375398a8a6d1.js","qps-ploca":"sp-dynamic-data_qps-ploca_0a5adc1e375398a8a6d1.js","qps-ploc":"sp-dynamic-data_qps-ploc_0a5adc1e375398a8a6d1.js","en-GB":"sp-dynamic-data_en-us_0a5adc1e375398a8a6d1.js","en-NZ":"sp-dynamic-data_en-us_0a5adc1e375398a8a6d1.js","en-IE":"sp-dynamic-data_en-us_0a5adc1e375398a8a6d1.js","en-AU":"sp-dynamic-data_en-us_0a5adc1e375398a8a6d1.js","bn":"sp-dynamic-data_en-us_0a5adc1e375398a8a6d1.js","chr":"sp-dynamic-data_en-us_0a5adc1e375398a8a6d1.js","dv":"sp-dynamic-data_en-us_0a5adc1e375398a8a6d1.js","div":"sp-dynamic-data_en-us_0a5adc1e375398a8a6d1.js","en":"sp-dynamic-data_en-us_0a5adc1e375398a8a6d1.js","fil":"sp-dynamic-data_en-us_0a5adc1e375398a8a6d1.js","haw":"sp-dynamic-data_en-us_0a5adc1e375398a8a6d1.js","iu":"sp-dynamic-data_en-us_0a5adc1e375398a8a6d1.js","lo":"sp-dynamic-data_en-us_0a5adc1e375398a8a6d1.js","moh":"sp-dynamic-data_en-us_0a5adc1e375398a8a6d1.js","sq":"sp-dynamic-data_en-us_0a5adc1e375398a8a6d1.js","am":"sp-dynamic-data_en-us_0a5adc1e375398a8a6d1.js","hy":"sp-dynamic-data_en-us_0a5adc1e375398a8a6d1.js","mk":"sp-dynamic-data_en-us_0a5adc1e375398a8a6d1.js","bs":"sp-dynamic-data_en-us_0a5adc1e375398a8a6d1.js","my":"sp-dynamic-data_en-us_0a5adc1e375398a8a6d1.js","dz":"sp-dynamic-data_en-us_0a5adc1e375398a8a6d1.js","en-CY":"sp-dynamic-data_en-us_0a5adc1e375398a8a6d1.js","en-EG":"sp-dynamic-data_en-us_0a5adc1e375398a8a6d1.js","en-IL":"sp-dynamic-data_en-us_0a5adc1e375398a8a6d1.js","en-IS":"sp-dynamic-data_en-us_0a5adc1e375398a8a6d1.js","en-JO":"sp-dynamic-data_en-us_0a5adc1e375398a8a6d1.js","en-KE":"sp-dynamic-data_en-us_0a5adc1e375398a8a6d1.js","en-KW":"sp-dynamic-data_en-us_0a5adc1e375398a8a6d1.js","en-MK":"sp-dynamic-data_en-us_0a5adc1e375398a8a6d1.js","en-MT":"sp-dynamic-data_en-us_0a5adc1e375398a8a6d1.js","en-PK":"sp-dynamic-data_en-us_0a5adc1e375398a8a6d1.js","en-QA":"sp-dynamic-data_en-us_0a5adc1e375398a8a6d1.js","en-SA":"sp-dynamic-data_en-us_0a5adc1e375398a8a6d1.js","en-LK":"sp-dynamic-data_en-us_0a5adc1e375398a8a6d1.js","en-AE":"sp-dynamic-data_en-us_0a5adc1e375398a8a6d1.js","en-VN":"sp-dynamic-data_en-us_0a5adc1e375398a8a6d1.js","is":"sp-dynamic-data_en-us_0a5adc1e375398a8a6d1.js","km":"sp-dynamic-data_en-us_0a5adc1e375398a8a6d1.js","kh":"sp-dynamic-data_en-us_0a5adc1e375398a8a6d1.js","mt":"sp-dynamic-data_en-us_0a5adc1e375398a8a6d1.js","fa":"sp-dynamic-data_en-us_0a5adc1e375398a8a6d1.js","gd":"sp-dynamic-data_en-us_0a5adc1e375398a8a6d1.js","sr-Cyrl-BA":"sp-dynamic-data_en-us_0a5adc1e375398a8a6d1.js","sr-Latn-BA":"sp-dynamic-data_en-us_0a5adc1e375398a8a6d1.js","sd":"sp-dynamic-data_en-us_0a5adc1e375398a8a6d1.js","si":"sp-dynamic-data_en-us_0a5adc1e375398a8a6d1.js","so":"sp-dynamic-data_en-us_0a5adc1e375398a8a6d1.js","ti-ET":"sp-dynamic-data_en-us_0a5adc1e375398a8a6d1.js","uz":"sp-dynamic-data_en-us_0a5adc1e375398a8a6d1.js","en-SG":"sp-dynamic-data_en-us_0a5adc1e375398a8a6d1.js","en-HK":"sp-dynamic-data_en-us_0a5adc1e375398a8a6d1.js","en-MY":"sp-dynamic-data_en-us_0a5adc1e375398a8a6d1.js","en-PH":"sp-dynamic-data_en-us_0a5adc1e375398a8a6d1.js","en-TT":"sp-dynamic-data_en-us_0a5adc1e375398a8a6d1.js","en-AZ":"sp-dynamic-data_en-us_0a5adc1e375398a8a6d1.js","en-BH":"sp-dynamic-data_en-us_0a5adc1e375398a8a6d1.js","en-BN":"sp-dynamic-data_en-us_0a5adc1e375398a8a6d1.js","en-ID":"sp-dynamic-data_en-us_0a5adc1e375398a8a6d1.js","mi":"sp-dynamic-data_en-us_0a5adc1e375398a8a6d1.js"},"defaultPath":"sp-dynamic-data_default_0a5adc1e375398a8a6d1.js"},"@microsoft/sp-lodash-subset":{"type":"component","id":"73e1dc6c-8441-42cc-ad47-4bd3659f8a3a","version":"1.15.2"},"@microsoft/sp-core-library":{"type":"component","id":"7263c7d0-1d6a-45ec-8d85-d4d1d234171b","version":"1.15.2"},"@microsoft/sp-diagnostics":{"type":"component","id":"78359e4b-07c2-43c6-8d0b-d060b4d577e8","version":"1.15.2"}}}},{"manifestVersion":2,"id":"e40f8203-b39d-425a-a957-714852e33b79","alias":"SPDynamicData","componentType":"Library","version":"1.14.0","loaderConfig":{"internalModuleBaseUrls":["https://localhost:4321/node_modules/@microsoft/sp-property-pane/node_modules/@microsoft/sp-dynamic-data/dist/","https://localhost:4321/dist/"],"entryModuleId":"sp-dynamic-data","scriptResources":{"sp-dynamic-data":{"type":"localizedPath","paths":{"default":"sp-dynamic-data_default_d53d1072fa6cdabfd097.js","en-US":"sp-dynamic-data_en-us_d53d1072fa6cdabfd097.js","qps-ploca":"sp-dynamic-data_qps-ploca_d53d1072fa6cdabfd097.js","qps-ploc":"sp-dynamic-data_qps-ploc_d53d1072fa6cdabfd097.js","en-GB":"sp-dynamic-data_en-us_d53d1072fa6cdabfd097.js","en-NZ":"sp-dynamic-data_en-us_d53d1072fa6cdabfd097.js","en-IE":"sp-dynamic-data_en-us_d53d1072fa6cdabfd097.js","en-AU":"sp-dynamic-data_en-us_d53d1072fa6cdabfd097.js","bn":"sp-dynamic-data_en-us_d53d1072fa6cdabfd097.js","chr":"sp-dynamic-data_en-us_d53d1072fa6cdabfd097.js","dv":"sp-dynamic-data_en-us_d53d1072fa6cdabfd097.js","div":"sp-dynamic-data_en-us_d53d1072fa6cdabfd097.js","en":"sp-dynamic-data_en-us_d53d1072fa6cdabfd097.js","fil":"sp-dynamic-data_en-us_d53d1072fa6cdabfd097.js","haw":"sp-dynamic-data_en-us_d53d1072fa6cdabfd097.js","iu":"sp-dynamic-data_en-us_d53d1072fa6cdabfd097.js","lo":"sp-dynamic-data_en-us_d53d1072fa6cdabfd097.js","moh":"sp-dynamic-data_en-us_d53d1072fa6cdabfd097.js","sq":"sp-dynamic-data_en-us_d53d1072fa6cdabfd097.js","am":"sp-dynamic-data_en-us_d53d1072fa6cdabfd097.js","hy":"sp-dynamic-data_en-us_d53d1072fa6cdabfd097.js","mk":"sp-dynamic-data_en-us_d53d1072fa6cdabfd097.js","bs":"sp-dynamic-data_en-us_d53d1072fa6cdabfd097.js","my":"sp-dynamic-data_en-us_d53d1072fa6cdabfd097.js","dz":"sp-dynamic-data_en-us_d53d1072fa6cdabfd097.js","en-CY":"sp-dynamic-data_en-us_d53d1072fa6cdabfd097.js","en-EG":"sp-dynamic-data_en-us_d53d1072fa6cdabfd097.js","en-IL":"sp-dynamic-data_en-us_d53d1072fa6cdabfd097.js","en-IS":"sp-dynamic-data_en-us_d53d1072fa6cdabfd097.js","en-JO":"sp-dynamic-data_en-us_d53d1072fa6cdabfd097.js","en-KE":"sp-dynamic-data_en-us_d53d1072fa6cdabfd097.js","en-KW":"sp-dynamic-data_en-us_d53d1072fa6cdabfd097.js","en-MK":"sp-dynamic-data_en-us_d53d1072fa6cdabfd097.js","en-MT":"sp-dynamic-data_en-us_d53d1072fa6cdabfd097.js","en-PK":"sp-dynamic-data_en-us_d53d1072fa6cdabfd097.js","en-QA":"sp-dynamic-data_en-us_d53d1072fa6cdabfd097.js","en-SA":"sp-dynamic-data_en-us_d53d1072fa6cdabfd097.js","en-LK":"sp-dynamic-data_en-us_d53d1072fa6cdabfd097.js","en-AE":"sp-dynamic-data_en-us_d53d1072fa6cdabfd097.js","en-VN":"sp-dynamic-data_en-us_d53d1072fa6cdabfd097.js","is":"sp-dynamic-data_en-us_d53d1072fa6cdabfd097.js","km":"sp-dynamic-data_en-us_d53d1072fa6cdabfd097.js","kh":"sp-dynamic-data_en-us_d53d1072fa6cdabfd097.js","mt":"sp-dynamic-data_en-us_d53d1072fa6cdabfd097.js","fa":"sp-dynamic-data_en-us_d53d1072fa6cdabfd097.js","gd":"sp-dynamic-data_en-us_d53d1072fa6cdabfd097.js","sr-Cyrl-BA":"sp-dynamic-data_en-us_d53d1072fa6cdabfd097.js","sr-Latn-BA":"sp-dynamic-data_en-us_d53d1072fa6cdabfd097.js","sd":"sp-dynamic-data_en-us_d53d1072fa6cdabfd097.js","si":"sp-dynamic-data_en-us_d53d1072fa6cdabfd097.js","so":"sp-dynamic-data_en-us_d53d1072fa6cdabfd097.js","ti-ET":"sp-dynamic-data_en-us_d53d1072fa6cdabfd097.js","uz":"sp-dynamic-data_en-us_d53d1072fa6cdabfd097.js","en-SG":"sp-dynamic-data_en-us_d53d1072fa6cdabfd097.js","en-HK":"sp-dynamic-data_en-us_d53d1072fa6cdabfd097.js","en-MY":"sp-dynamic-data_en-us_d53d1072fa6cdabfd097.js","en-PH":"sp-dynamic-data_en-us_d53d1072fa6cdabfd097.js","en-TT":"sp-dynamic-data_en-us_d53d1072fa6cdabfd097.js","en-AZ":"sp-dynamic-data_en-us_d53d1072fa6cdabfd097.js","en-BH":"sp-dynamic-data_en-us_d53d1072fa6cdabfd097.js","en-BN":"sp-dynamic-data_en-us_d53d1072fa6cdabfd097.js","en-ID":"sp-dynamic-data_en-us_d53d1072fa6cdabfd097.js","mi":"sp-dynamic-data_en-us_d53d1072fa6cdabfd097.js"},"defaultPath":"sp-dynamic-data_default_d53d1072fa6cdabfd097.js"},"@microsoft/sp-lodash-subset":{"type":"component","id":"73e1dc6c-8441-42cc-ad47-4bd3659f8a3a","version":"1.14.0"},"@microsoft/sp-core-library":{"type":"component","id":"7263c7d0-1d6a-45ec-8d85-d4d1d234171b","version":"1.14.0"},"@microsoft/sp-diagnostics":{"type":"component","id":"78359e4b-07c2-43c6-8d0b-d060b4d577e8","version":"1.14.0"}}}},{"id":"1c4541f7-5c31-41aa-9fa8-fbc9dc14c0a8","alias":"SPPageContext","componentType":"Library","version":"1.15.2","manifestVersion":2,"loaderConfig":{"internalModuleBaseUrls":["https://localhost:4321/node_modules/@microsoft/sp-search-extensibility/node_modules/@microsoft/sp-page-context/dist/","https://localhost:4321/dist/"],"entryModuleId":"sp-page-context","scriptResources":{"sp-page-context":{"type":"localizedPath","paths":{"default":"sp-page-context_default_f863f809419d65cdd025.js","en-US":"sp-page-context_en-us_f863f809419d65cdd025.js","qps-ploca":"sp-page-context_qps-ploca_f863f809419d65cdd025.js","qps-ploc":"sp-page-context_qps-ploc_f863f809419d65cdd025.js","en-GB":"sp-page-context_en-us_f863f809419d65cdd025.js","en-NZ":"sp-page-context_en-us_f863f809419d65cdd025.js","en-IE":"sp-page-context_en-us_f863f809419d65cdd025.js","en-AU":"sp-page-context_en-us_f863f809419d65cdd025.js","bn":"sp-page-context_en-us_f863f809419d65cdd025.js","chr":"sp-page-context_en-us_f863f809419d65cdd025.js","dv":"sp-page-context_en-us_f863f809419d65cdd025.js","div":"sp-page-context_en-us_f863f809419d65cdd025.js","en":"sp-page-context_en-us_f863f809419d65cdd025.js","fil":"sp-page-context_en-us_f863f809419d65cdd025.js","haw":"sp-page-context_en-us_f863f809419d65cdd025.js","iu":"sp-page-context_en-us_f863f809419d65cdd025.js","lo":"sp-page-context_en-us_f863f809419d65cdd025.js","moh":"sp-page-context_en-us_f863f809419d65cdd025.js","sq":"sp-page-context_en-us_f863f809419d65cdd025.js","am":"sp-page-context_en-us_f863f809419d65cdd025.js","hy":"sp-page-context_en-us_f863f809419d65cdd025.js","mk":"sp-page-context_en-us_f863f809419d65cdd025.js","bs":"sp-page-context_en-us_f863f809419d65cdd025.js","my":"sp-page-context_en-us_f863f809419d65cdd025.js","dz":"sp-page-context_en-us_f863f809419d65cdd025.js","en-CY":"sp-page-context_en-us_f863f809419d65cdd025.js","en-EG":"sp-page-context_en-us_f863f809419d65cdd025.js","en-IL":"sp-page-context_en-us_f863f809419d65cdd025.js","en-IS":"sp-page-context_en-us_f863f809419d65cdd025.js","en-JO":"sp-page-context_en-us_f863f809419d65cdd025.js","en-KE":"sp-page-context_en-us_f863f809419d65cdd025.js","en-KW":"sp-page-context_en-us_f863f809419d65cdd025.js","en-MK":"sp-page-context_en-us_f863f809419d65cdd025.js","en-MT":"sp-page-context_en-us_f863f809419d65cdd025.js","en-PK":"sp-page-context_en-us_f863f809419d65cdd025.js","en-QA":"sp-page-context_en-us_f863f809419d65cdd025.js","en-SA":"sp-page-context_en-us_f863f809419d65cdd025.js","en-LK":"sp-page-context_en-us_f863f809419d65cdd025.js","en-AE":"sp-page-context_en-us_f863f809419d65cdd025.js","en-VN":"sp-page-context_en-us_f863f809419d65cdd025.js","is":"sp-page-context_en-us_f863f809419d65cdd025.js","km":"sp-page-context_en-us_f863f809419d65cdd025.js","kh":"sp-page-context_en-us_f863f809419d65cdd025.js","mt":"sp-page-context_en-us_f863f809419d65cdd025.js","fa":"sp-page-context_en-us_f863f809419d65cdd025.js","gd":"sp-page-context_en-us_f863f809419d65cdd025.js","sr-Cyrl-BA":"sp-page-context_en-us_f863f809419d65cdd025.js","sr-Latn-BA":"sp-page-context_en-us_f863f809419d65cdd025.js","sd":"sp-page-context_en-us_f863f809419d65cdd025.js","si":"sp-page-context_en-us_f863f809419d65cdd025.js","so":"sp-page-context_en-us_f863f809419d65cdd025.js","ti-ET":"sp-page-context_en-us_f863f809419d65cdd025.js","uz":"sp-page-context_en-us_f863f809419d65cdd025.js","en-SG":"sp-page-context_en-us_f863f809419d65cdd025.js","en-HK":"sp-page-context_en-us_f863f809419d65cdd025.js","en-MY":"sp-page-context_en-us_f863f809419d65cdd025.js","en-PH":"sp-page-context_en-us_f863f809419d65cdd025.js","en-TT":"sp-page-context_en-us_f863f809419d65cdd025.js","en-AZ":"sp-page-context_en-us_f863f809419d65cdd025.js","en-BH":"sp-page-context_en-us_f863f809419d65cdd025.js","en-BN":"sp-page-context_en-us_f863f809419d65cdd025.js","en-ID":"sp-page-context_en-us_f863f809419d65cdd025.js","mi":"sp-page-context_en-us_f863f809419d65cdd025.js"},"defaultPath":"sp-page-context_default_f863f809419d65cdd025.js"},"tslib":{"type":"component","id":"01c4df03-e775-48cb-aa14-171ee5199a15","version":"2.3.1"},"@microsoft/sp-dynamic-data":{"type":"component","id":"e40f8203-b39d-425a-a957-714852e33b79","version":"1.15.2"},"@microsoft/sp-core-library":{"type":"component","id":"7263c7d0-1d6a-45ec-8d85-d4d1d234171b","version":"1.15.2"},"@microsoft/sp-diagnostics":{"type":"component","id":"78359e4b-07c2-43c6-8d0b-d060b4d577e8","version":"1.15.2"}}}},{"id":"1c4541f7-5c31-41aa-9fa8-fbc9dc14c0a8","alias":"SPPageContext","componentType":"Library","version":"1.14.0","manifestVersion":2,"loaderConfig":{"internalModuleBaseUrls":["https://localhost:4321/node_modules/@microsoft/sp-property-pane/node_modules/@microsoft/sp-page-context/dist/","https://localhost:4321/dist/"],"entryModuleId":"sp-page-context","scriptResources":{"sp-page-context":{"type":"localizedPath","paths":{"default":"sp-page-context_default_264873e3a993b9416952.js","en-US":"sp-page-context_en-us_264873e3a993b9416952.js","qps-ploca":"sp-page-context_qps-ploca_264873e3a993b9416952.js","qps-ploc":"sp-page-context_qps-ploc_264873e3a993b9416952.js","en-GB":"sp-page-context_en-us_264873e3a993b9416952.js","en-NZ":"sp-page-context_en-us_264873e3a993b9416952.js","en-IE":"sp-page-context_en-us_264873e3a993b9416952.js","en-AU":"sp-page-context_en-us_264873e3a993b9416952.js","bn":"sp-page-context_en-us_264873e3a993b9416952.js","chr":"sp-page-context_en-us_264873e3a993b9416952.js","dv":"sp-page-context_en-us_264873e3a993b9416952.js","div":"sp-page-context_en-us_264873e3a993b9416952.js","en":"sp-page-context_en-us_264873e3a993b9416952.js","fil":"sp-page-context_en-us_264873e3a993b9416952.js","haw":"sp-page-context_en-us_264873e3a993b9416952.js","iu":"sp-page-context_en-us_264873e3a993b9416952.js","lo":"sp-page-context_en-us_264873e3a993b9416952.js","moh":"sp-page-context_en-us_264873e3a993b9416952.js","sq":"sp-page-context_en-us_264873e3a993b9416952.js","am":"sp-page-context_en-us_264873e3a993b9416952.js","hy":"sp-page-context_en-us_264873e3a993b9416952.js","mk":"sp-page-context_en-us_264873e3a993b9416952.js","bs":"sp-page-context_en-us_264873e3a993b9416952.js","my":"sp-page-context_en-us_264873e3a993b9416952.js","dz":"sp-page-context_en-us_264873e3a993b9416952.js","en-CY":"sp-page-context_en-us_264873e3a993b9416952.js","en-EG":"sp-page-context_en-us_264873e3a993b9416952.js","en-IL":"sp-page-context_en-us_264873e3a993b9416952.js","en-IS":"sp-page-context_en-us_264873e3a993b9416952.js","en-JO":"sp-page-context_en-us_264873e3a993b9416952.js","en-KE":"sp-page-context_en-us_264873e3a993b9416952.js","en-KW":"sp-page-context_en-us_264873e3a993b9416952.js","en-MK":"sp-page-context_en-us_264873e3a993b9416952.js","en-MT":"sp-page-context_en-us_264873e3a993b9416952.js","en-PK":"sp-page-context_en-us_264873e3a993b9416952.js","en-QA":"sp-page-context_en-us_264873e3a993b9416952.js","en-SA":"sp-page-context_en-us_264873e3a993b9416952.js","en-LK":"sp-page-context_en-us_264873e3a993b9416952.js","en-AE":"sp-page-context_en-us_264873e3a993b9416952.js","en-VN":"sp-page-context_en-us_264873e3a993b9416952.js","is":"sp-page-context_en-us_264873e3a993b9416952.js","km":"sp-page-context_en-us_264873e3a993b9416952.js","kh":"sp-page-context_en-us_264873e3a993b9416952.js","mt":"sp-page-context_en-us_264873e3a993b9416952.js","fa":"sp-page-context_en-us_264873e3a993b9416952.js","gd":"sp-page-context_en-us_264873e3a993b9416952.js","sr-Cyrl-BA":"sp-page-context_en-us_264873e3a993b9416952.js","sr-Latn-BA":"sp-page-context_en-us_264873e3a993b9416952.js","sd":"sp-page-context_en-us_264873e3a993b9416952.js","si":"sp-page-context_en-us_264873e3a993b9416952.js","so":"sp-page-context_en-us_264873e3a993b9416952.js","ti-ET":"sp-page-context_en-us_264873e3a993b9416952.js","uz":"sp-page-context_en-us_264873e3a993b9416952.js","en-SG":"sp-page-context_en-us_264873e3a993b9416952.js","en-HK":"sp-page-context_en-us_264873e3a993b9416952.js","en-MY":"sp-page-context_en-us_264873e3a993b9416952.js","en-PH":"sp-page-context_en-us_264873e3a993b9416952.js","en-TT":"sp-page-context_en-us_264873e3a993b9416952.js","en-AZ":"sp-page-context_en-us_264873e3a993b9416952.js","en-BH":"sp-page-context_en-us_264873e3a993b9416952.js","en-BN":"sp-page-context_en-us_264873e3a993b9416952.js","en-ID":"sp-page-context_en-us_264873e3a993b9416952.js","mi":"sp-page-context_en-us_264873e3a993b9416952.js"},"defaultPath":"sp-page-context_default_264873e3a993b9416952.js"},"@microsoft/sp-dynamic-data":{"type":"component","id":"e40f8203-b39d-425a-a957-714852e33b79","version":"1.14.0"},"@microsoft/sp-core-library":{"type":"component","id":"7263c7d0-1d6a-45ec-8d85-d4d1d234171b","version":"1.14.0"},"@microsoft/sp-diagnostics":{"type":"component","id":"78359e4b-07c2-43c6-8d0b-d060b4d577e8","version":"1.14.0"}}}},{"id":"c07208f0-ea3b-4c1a-9965-ac1b825211a6","alias":"SPHttp","componentType":"Library","version":"1.15.2","manifestVersion":2,"preloadComponents":[],"loaderConfig":{"internalModuleBaseUrls":["https://localhost:4321/node_modules/@microsoft/sp-search-extensibility/node_modules/@microsoft/sp-http/dist/","https://localhost:4321/dist/"],"entryModuleId":"sp-http","scriptResources":{"sp-http":{"type":"localizedPath","paths":{"default":"sp-http_default_c3cd5ca04a6a0707b883.js","en-US":"sp-http_en-us_c3cd5ca04a6a0707b883.js","qps-ploca":"sp-http_qps-ploca_c3cd5ca04a6a0707b883.js","qps-ploc":"sp-http_qps-ploc_c3cd5ca04a6a0707b883.js","en-GB":"sp-http_en-us_c3cd5ca04a6a0707b883.js","en-NZ":"sp-http_en-us_c3cd5ca04a6a0707b883.js","en-IE":"sp-http_en-us_c3cd5ca04a6a0707b883.js","en-AU":"sp-http_en-us_c3cd5ca04a6a0707b883.js","bn":"sp-http_en-us_c3cd5ca04a6a0707b883.js","chr":"sp-http_en-us_c3cd5ca04a6a0707b883.js","dv":"sp-http_en-us_c3cd5ca04a6a0707b883.js","div":"sp-http_en-us_c3cd5ca04a6a0707b883.js","en":"sp-http_en-us_c3cd5ca04a6a0707b883.js","fil":"sp-http_en-us_c3cd5ca04a6a0707b883.js","haw":"sp-http_en-us_c3cd5ca04a6a0707b883.js","iu":"sp-http_en-us_c3cd5ca04a6a0707b883.js","lo":"sp-http_en-us_c3cd5ca04a6a0707b883.js","moh":"sp-http_en-us_c3cd5ca04a6a0707b883.js","sq":"sp-http_en-us_c3cd5ca04a6a0707b883.js","am":"sp-http_en-us_c3cd5ca04a6a0707b883.js","hy":"sp-http_en-us_c3cd5ca04a6a0707b883.js","mk":"sp-http_en-us_c3cd5ca04a6a0707b883.js","bs":"sp-http_en-us_c3cd5ca04a6a0707b883.js","my":"sp-http_en-us_c3cd5ca04a6a0707b883.js","dz":"sp-http_en-us_c3cd5ca04a6a0707b883.js","en-CY":"sp-http_en-us_c3cd5ca04a6a0707b883.js","en-EG":"sp-http_en-us_c3cd5ca04a6a0707b883.js","en-IL":"sp-http_en-us_c3cd5ca04a6a0707b883.js","en-IS":"sp-http_en-us_c3cd5ca04a6a0707b883.js","en-JO":"sp-http_en-us_c3cd5ca04a6a0707b883.js","en-KE":"sp-http_en-us_c3cd5ca04a6a0707b883.js","en-KW":"sp-http_en-us_c3cd5ca04a6a0707b883.js","en-MK":"sp-http_en-us_c3cd5ca04a6a0707b883.js","en-MT":"sp-http_en-us_c3cd5ca04a6a0707b883.js","en-PK":"sp-http_en-us_c3cd5ca04a6a0707b883.js","en-QA":"sp-http_en-us_c3cd5ca04a6a0707b883.js","en-SA":"sp-http_en-us_c3cd5ca04a6a0707b883.js","en-LK":"sp-http_en-us_c3cd5ca04a6a0707b883.js","en-AE":"sp-http_en-us_c3cd5ca04a6a0707b883.js","en-VN":"sp-http_en-us_c3cd5ca04a6a0707b883.js","is":"sp-http_en-us_c3cd5ca04a6a0707b883.js","km":"sp-http_en-us_c3cd5ca04a6a0707b883.js","kh":"sp-http_en-us_c3cd5ca04a6a0707b883.js","mt":"sp-http_en-us_c3cd5ca04a6a0707b883.js","fa":"sp-http_en-us_c3cd5ca04a6a0707b883.js","gd":"sp-http_en-us_c3cd5ca04a6a0707b883.js","sr-Cyrl-BA":"sp-http_en-us_c3cd5ca04a6a0707b883.js","sr-Latn-BA":"sp-http_en-us_c3cd5ca04a6a0707b883.js","sd":"sp-http_en-us_c3cd5ca04a6a0707b883.js","si":"sp-http_en-us_c3cd5ca04a6a0707b883.js","so":"sp-http_en-us_c3cd5ca04a6a0707b883.js","ti-ET":"sp-http_en-us_c3cd5ca04a6a0707b883.js","uz":"sp-http_en-us_c3cd5ca04a6a0707b883.js","en-SG":"sp-http_en-us_c3cd5ca04a6a0707b883.js","en-HK":"sp-http_en-us_c3cd5ca04a6a0707b883.js","en-MY":"sp-http_en-us_c3cd5ca04a6a0707b883.js","en-PH":"sp-http_en-us_c3cd5ca04a6a0707b883.js","en-TT":"sp-http_en-us_c3cd5ca04a6a0707b883.js","en-AZ":"sp-http_en-us_c3cd5ca04a6a0707b883.js","en-BH":"sp-http_en-us_c3cd5ca04a6a0707b883.js","en-BN":"sp-http_en-us_c3cd5ca04a6a0707b883.js","en-ID":"sp-http_en-us_c3cd5ca04a6a0707b883.js","mi":"sp-http_en-us_c3cd5ca04a6a0707b883.js"},"defaultPath":"sp-http_default_c3cd5ca04a6a0707b883.js"},"tslib":{"type":"component","id":"01c4df03-e775-48cb-aa14-171ee5199a15","version":"2.3.1"},"@microsoft/sp-core-library":{"type":"component","id":"7263c7d0-1d6a-45ec-8d85-d4d1d234171b","version":"1.15.2"},"@microsoft/sp-page-context":{"type":"component","id":"1c4541f7-5c31-41aa-9fa8-fbc9dc14c0a8","version":"1.15.2"},"@microsoft/sp-diagnostics":{"type":"component","id":"78359e4b-07c2-43c6-8d0b-d060b4d577e8","version":"1.15.2"}}}},{"id":"c07208f0-ea3b-4c1a-9965-ac1b825211a6","alias":"SPHttp","componentType":"Library","version":"1.14.0","manifestVersion":2,"preloadComponents":[],"loaderConfig":{"internalModuleBaseUrls":["https://localhost:4321/node_modules/@microsoft/sp-property-pane/node_modules/@microsoft/sp-http/dist/","https://localhost:4321/dist/"],"entryModuleId":"sp-http","scriptResources":{"sp-http":{"type":"localizedPath","paths":{"default":"sp-http_default_5823a412094e3a8f2e52.js","en-US":"sp-http_en-us_5823a412094e3a8f2e52.js","qps-ploca":"sp-http_qps-ploca_5823a412094e3a8f2e52.js","qps-ploc":"sp-http_qps-ploc_5823a412094e3a8f2e52.js","en-GB":"sp-http_en-us_5823a412094e3a8f2e52.js","en-NZ":"sp-http_en-us_5823a412094e3a8f2e52.js","en-IE":"sp-http_en-us_5823a412094e3a8f2e52.js","en-AU":"sp-http_en-us_5823a412094e3a8f2e52.js","bn":"sp-http_en-us_5823a412094e3a8f2e52.js","chr":"sp-http_en-us_5823a412094e3a8f2e52.js","dv":"sp-http_en-us_5823a412094e3a8f2e52.js","div":"sp-http_en-us_5823a412094e3a8f2e52.js","en":"sp-http_en-us_5823a412094e3a8f2e52.js","fil":"sp-http_en-us_5823a412094e3a8f2e52.js","haw":"sp-http_en-us_5823a412094e3a8f2e52.js","iu":"sp-http_en-us_5823a412094e3a8f2e52.js","lo":"sp-http_en-us_5823a412094e3a8f2e52.js","moh":"sp-http_en-us_5823a412094e3a8f2e52.js","sq":"sp-http_en-us_5823a412094e3a8f2e52.js","am":"sp-http_en-us_5823a412094e3a8f2e52.js","hy":"sp-http_en-us_5823a412094e3a8f2e52.js","mk":"sp-http_en-us_5823a412094e3a8f2e52.js","bs":"sp-http_en-us_5823a412094e3a8f2e52.js","my":"sp-http_en-us_5823a412094e3a8f2e52.js","dz":"sp-http_en-us_5823a412094e3a8f2e52.js","en-CY":"sp-http_en-us_5823a412094e3a8f2e52.js","en-EG":"sp-http_en-us_5823a412094e3a8f2e52.js","en-IL":"sp-http_en-us_5823a412094e3a8f2e52.js","en-IS":"sp-http_en-us_5823a412094e3a8f2e52.js","en-JO":"sp-http_en-us_5823a412094e3a8f2e52.js","en-KE":"sp-http_en-us_5823a412094e3a8f2e52.js","en-KW":"sp-http_en-us_5823a412094e3a8f2e52.js","en-MK":"sp-http_en-us_5823a412094e3a8f2e52.js","en-MT":"sp-http_en-us_5823a412094e3a8f2e52.js","en-PK":"sp-http_en-us_5823a412094e3a8f2e52.js","en-QA":"sp-http_en-us_5823a412094e3a8f2e52.js","en-SA":"sp-http_en-us_5823a412094e3a8f2e52.js","en-LK":"sp-http_en-us_5823a412094e3a8f2e52.js","en-AE":"sp-http_en-us_5823a412094e3a8f2e52.js","en-VN":"sp-http_en-us_5823a412094e3a8f2e52.js","is":"sp-http_en-us_5823a412094e3a8f2e52.js","km":"sp-http_en-us_5823a412094e3a8f2e52.js","kh":"sp-http_en-us_5823a412094e3a8f2e52.js","mt":"sp-http_en-us_5823a412094e3a8f2e52.js","fa":"sp-http_en-us_5823a412094e3a8f2e52.js","gd":"sp-http_en-us_5823a412094e3a8f2e52.js","sr-Cyrl-BA":"sp-http_en-us_5823a412094e3a8f2e52.js","sr-Latn-BA":"sp-http_en-us_5823a412094e3a8f2e52.js","sd":"sp-http_en-us_5823a412094e3a8f2e52.js","si":"sp-http_en-us_5823a412094e3a8f2e52.js","so":"sp-http_en-us_5823a412094e3a8f2e52.js","ti-ET":"sp-http_en-us_5823a412094e3a8f2e52.js","uz":"sp-http_en-us_5823a412094e3a8f2e52.js","en-SG":"sp-http_en-us_5823a412094e3a8f2e52.js","en-HK":"sp-http_en-us_5823a412094e3a8f2e52.js","en-MY":"sp-http_en-us_5823a412094e3a8f2e52.js","en-PH":"sp-http_en-us_5823a412094e3a8f2e52.js","en-TT":"sp-http_en-us_5823a412094e3a8f2e52.js","en-AZ":"sp-http_en-us_5823a412094e3a8f2e52.js","en-BH":"sp-http_en-us_5823a412094e3a8f2e52.js","en-BN":"sp-http_en-us_5823a412094e3a8f2e52.js","en-ID":"sp-http_en-us_5823a412094e3a8f2e52.js","mi":"sp-http_en-us_5823a412094e3a8f2e52.js"},"defaultPath":"sp-http_default_5823a412094e3a8f2e52.js"},"tslib":{"type":"component","id":"01c4df03-e775-48cb-aa14-171ee5199a15","version":"1.10.0"},"@ms/sp-telemetry":{"type":"component","id":"8217e442-8ed3-41fd-957d-b112e841286a","version":"0.21.51"},"@microsoft/sp-core-library":{"type":"component","id":"7263c7d0-1d6a-45ec-8d85-d4d1d234171b","version":"1.14.0"},"@microsoft/sp-diagnostics":{"type":"component","id":"78359e4b-07c2-43c6-8d0b-d060b4d577e8","version":"1.14.0"}}}},{"id":"467dc675-7cc5-4709-8aac-78e3b71bd2f6","alias":"SPComponentBase","componentType":"Library","version":"1.15.2","manifestVersion":2,"loaderConfig":{"internalModuleBaseUrls":["https://localhost:4321/node_modules/@microsoft/sp-search-extensibility/node_modules/@microsoft/sp-component-base/dist/","https://localhost:4321/dist/"],"entryModuleId":"sp-component-base","scriptResources":{"sp-component-base":{"type":"localizedPath","paths":{"default":"sp-component-base_default_772e454bd8708b5399d8.js","en-US":"sp-component-base_en-us_772e454bd8708b5399d8.js","qps-ploca":"sp-component-base_qps-ploca_772e454bd8708b5399d8.js","qps-ploc":"sp-component-base_qps-ploc_772e454bd8708b5399d8.js","en-GB":"sp-component-base_en-us_772e454bd8708b5399d8.js","en-NZ":"sp-component-base_en-us_772e454bd8708b5399d8.js","en-IE":"sp-component-base_en-us_772e454bd8708b5399d8.js","en-AU":"sp-component-base_en-us_772e454bd8708b5399d8.js","bn":"sp-component-base_en-us_772e454bd8708b5399d8.js","chr":"sp-component-base_en-us_772e454bd8708b5399d8.js","dv":"sp-component-base_en-us_772e454bd8708b5399d8.js","div":"sp-component-base_en-us_772e454bd8708b5399d8.js","en":"sp-component-base_en-us_772e454bd8708b5399d8.js","fil":"sp-component-base_en-us_772e454bd8708b5399d8.js","haw":"sp-component-base_en-us_772e454bd8708b5399d8.js","iu":"sp-component-base_en-us_772e454bd8708b5399d8.js","lo":"sp-component-base_en-us_772e454bd8708b5399d8.js","moh":"sp-component-base_en-us_772e454bd8708b5399d8.js","sq":"sp-component-base_en-us_772e454bd8708b5399d8.js","am":"sp-component-base_en-us_772e454bd8708b5399d8.js","hy":"sp-component-base_en-us_772e454bd8708b5399d8.js","mk":"sp-component-base_en-us_772e454bd8708b5399d8.js","bs":"sp-component-base_en-us_772e454bd8708b5399d8.js","my":"sp-component-base_en-us_772e454bd8708b5399d8.js","dz":"sp-component-base_en-us_772e454bd8708b5399d8.js","en-CY":"sp-component-base_en-us_772e454bd8708b5399d8.js","en-EG":"sp-component-base_en-us_772e454bd8708b5399d8.js","en-IL":"sp-component-base_en-us_772e454bd8708b5399d8.js","en-IS":"sp-component-base_en-us_772e454bd8708b5399d8.js","en-JO":"sp-component-base_en-us_772e454bd8708b5399d8.js","en-KE":"sp-component-base_en-us_772e454bd8708b5399d8.js","en-KW":"sp-component-base_en-us_772e454bd8708b5399d8.js","en-MK":"sp-component-base_en-us_772e454bd8708b5399d8.js","en-MT":"sp-component-base_en-us_772e454bd8708b5399d8.js","en-PK":"sp-component-base_en-us_772e454bd8708b5399d8.js","en-QA":"sp-component-base_en-us_772e454bd8708b5399d8.js","en-SA":"sp-component-base_en-us_772e454bd8708b5399d8.js","en-LK":"sp-component-base_en-us_772e454bd8708b5399d8.js","en-AE":"sp-component-base_en-us_772e454bd8708b5399d8.js","en-VN":"sp-component-base_en-us_772e454bd8708b5399d8.js","is":"sp-component-base_en-us_772e454bd8708b5399d8.js","km":"sp-component-base_en-us_772e454bd8708b5399d8.js","kh":"sp-component-base_en-us_772e454bd8708b5399d8.js","mt":"sp-component-base_en-us_772e454bd8708b5399d8.js","fa":"sp-component-base_en-us_772e454bd8708b5399d8.js","gd":"sp-component-base_en-us_772e454bd8708b5399d8.js","sr-Cyrl-BA":"sp-component-base_en-us_772e454bd8708b5399d8.js","sr-Latn-BA":"sp-component-base_en-us_772e454bd8708b5399d8.js","sd":"sp-component-base_en-us_772e454bd8708b5399d8.js","si":"sp-component-base_en-us_772e454bd8708b5399d8.js","so":"sp-component-base_en-us_772e454bd8708b5399d8.js","ti-ET":"sp-component-base_en-us_772e454bd8708b5399d8.js","uz":"sp-component-base_en-us_772e454bd8708b5399d8.js","en-SG":"sp-component-base_en-us_772e454bd8708b5399d8.js","en-HK":"sp-component-base_en-us_772e454bd8708b5399d8.js","en-MY":"sp-component-base_en-us_772e454bd8708b5399d8.js","en-PH":"sp-component-base_en-us_772e454bd8708b5399d8.js","en-TT":"sp-component-base_en-us_772e454bd8708b5399d8.js","en-AZ":"sp-component-base_en-us_772e454bd8708b5399d8.js","en-BH":"sp-component-base_en-us_772e454bd8708b5399d8.js","en-BN":"sp-component-base_en-us_772e454bd8708b5399d8.js","en-ID":"sp-component-base_en-us_772e454bd8708b5399d8.js","mi":"sp-component-base_en-us_772e454bd8708b5399d8.js"},"defaultPath":"sp-component-base_default_772e454bd8708b5399d8.js"},"tslib":{"type":"component","id":"01c4df03-e775-48cb-aa14-171ee5199a15","version":"2.3.1"},"@ms/sp-telemetry":{"type":"component","id":"8217e442-8ed3-41fd-957d-b112e841286a","version":"0.24.16"},"@microsoft/sp-dynamic-data":{"type":"component","id":"e40f8203-b39d-425a-a957-714852e33b79","version":"1.15.2"},"@microsoft/sp-lodash-subset":{"type":"component","id":"73e1dc6c-8441-42cc-ad47-4bd3659f8a3a","version":"1.15.2"},"@microsoft/sp-core-library":{"type":"component","id":"7263c7d0-1d6a-45ec-8d85-d4d1d234171b","version":"1.15.2"},"@microsoft/sp-page-context":{"type":"component","id":"1c4541f7-5c31-41aa-9fa8-fbc9dc14c0a8","version":"1.15.2"},"@microsoft/load-themed-styles":{"type":"component","id":"229b8d08-79f3-438b-8c21-4613fc877abd","version":"0.1.2"},"@microsoft/sp-diagnostics":{"type":"component","id":"78359e4b-07c2-43c6-8d0b-d060b4d577e8","version":"1.15.2"},"@microsoft/sp-http":{"type":"component","id":"c07208f0-ea3b-4c1a-9965-ac1b825211a6","version":"1.15.2"}}}},{"id":"467dc675-7cc5-4709-8aac-78e3b71bd2f6","alias":"SPComponentBase","componentType":"Library","version":"1.14.0","manifestVersion":2,"loaderConfig":{"internalModuleBaseUrls":["https://localhost:4321/node_modules/@microsoft/sp-property-pane/node_modules/@microsoft/sp-component-base/dist/","https://localhost:4321/dist/"],"entryModuleId":"sp-component-base","scriptResources":{"sp-component-base":{"type":"localizedPath","paths":{"default":"sp-component-base_default_f510dfc265b8222fa720.js","en-US":"sp-component-base_en-us_f510dfc265b8222fa720.js","qps-ploca":"sp-component-base_qps-ploca_f510dfc265b8222fa720.js","qps-ploc":"sp-component-base_qps-ploc_f510dfc265b8222fa720.js","en-GB":"sp-component-base_en-us_f510dfc265b8222fa720.js","en-NZ":"sp-component-base_en-us_f510dfc265b8222fa720.js","en-IE":"sp-component-base_en-us_f510dfc265b8222fa720.js","en-AU":"sp-component-base_en-us_f510dfc265b8222fa720.js","bn":"sp-component-base_en-us_f510dfc265b8222fa720.js","chr":"sp-component-base_en-us_f510dfc265b8222fa720.js","dv":"sp-component-base_en-us_f510dfc265b8222fa720.js","div":"sp-component-base_en-us_f510dfc265b8222fa720.js","en":"sp-component-base_en-us_f510dfc265b8222fa720.js","fil":"sp-component-base_en-us_f510dfc265b8222fa720.js","haw":"sp-component-base_en-us_f510dfc265b8222fa720.js","iu":"sp-component-base_en-us_f510dfc265b8222fa720.js","lo":"sp-component-base_en-us_f510dfc265b8222fa720.js","moh":"sp-component-base_en-us_f510dfc265b8222fa720.js","sq":"sp-component-base_en-us_f510dfc265b8222fa720.js","am":"sp-component-base_en-us_f510dfc265b8222fa720.js","hy":"sp-component-base_en-us_f510dfc265b8222fa720.js","mk":"sp-component-base_en-us_f510dfc265b8222fa720.js","bs":"sp-component-base_en-us_f510dfc265b8222fa720.js","my":"sp-component-base_en-us_f510dfc265b8222fa720.js","dz":"sp-component-base_en-us_f510dfc265b8222fa720.js","en-CY":"sp-component-base_en-us_f510dfc265b8222fa720.js","en-EG":"sp-component-base_en-us_f510dfc265b8222fa720.js","en-IL":"sp-component-base_en-us_f510dfc265b8222fa720.js","en-IS":"sp-component-base_en-us_f510dfc265b8222fa720.js","en-JO":"sp-component-base_en-us_f510dfc265b8222fa720.js","en-KE":"sp-component-base_en-us_f510dfc265b8222fa720.js","en-KW":"sp-component-base_en-us_f510dfc265b8222fa720.js","en-MK":"sp-component-base_en-us_f510dfc265b8222fa720.js","en-MT":"sp-component-base_en-us_f510dfc265b8222fa720.js","en-PK":"sp-component-base_en-us_f510dfc265b8222fa720.js","en-QA":"sp-component-base_en-us_f510dfc265b8222fa720.js","en-SA":"sp-component-base_en-us_f510dfc265b8222fa720.js","en-LK":"sp-component-base_en-us_f510dfc265b8222fa720.js","en-AE":"sp-component-base_en-us_f510dfc265b8222fa720.js","en-VN":"sp-component-base_en-us_f510dfc265b8222fa720.js","is":"sp-component-base_en-us_f510dfc265b8222fa720.js","km":"sp-component-base_en-us_f510dfc265b8222fa720.js","kh":"sp-component-base_en-us_f510dfc265b8222fa720.js","mt":"sp-component-base_en-us_f510dfc265b8222fa720.js","fa":"sp-component-base_en-us_f510dfc265b8222fa720.js","gd":"sp-component-base_en-us_f510dfc265b8222fa720.js","sr-Cyrl-BA":"sp-component-base_en-us_f510dfc265b8222fa720.js","sr-Latn-BA":"sp-component-base_en-us_f510dfc265b8222fa720.js","sd":"sp-component-base_en-us_f510dfc265b8222fa720.js","si":"sp-component-base_en-us_f510dfc265b8222fa720.js","so":"sp-component-base_en-us_f510dfc265b8222fa720.js","ti-ET":"sp-component-base_en-us_f510dfc265b8222fa720.js","uz":"sp-component-base_en-us_f510dfc265b8222fa720.js","en-SG":"sp-component-base_en-us_f510dfc265b8222fa720.js","en-HK":"sp-component-base_en-us_f510dfc265b8222fa720.js","en-MY":"sp-component-base_en-us_f510dfc265b8222fa720.js","en-PH":"sp-component-base_en-us_f510dfc265b8222fa720.js","en-TT":"sp-component-base_en-us_f510dfc265b8222fa720.js","en-AZ":"sp-component-base_en-us_f510dfc265b8222fa720.js","en-BH":"sp-component-base_en-us_f510dfc265b8222fa720.js","en-BN":"sp-component-base_en-us_f510dfc265b8222fa720.js","en-ID":"sp-component-base_en-us_f510dfc265b8222fa720.js","mi":"sp-component-base_en-us_f510dfc265b8222fa720.js"},"defaultPath":"sp-component-base_default_f510dfc265b8222fa720.js"},"tslib":{"type":"component","id":"01c4df03-e775-48cb-aa14-171ee5199a15","version":"1.10.0"},"@microsoft/sp-dynamic-data":{"type":"component","id":"e40f8203-b39d-425a-a957-714852e33b79","version":"1.14.0"},"@microsoft/sp-lodash-subset":{"type":"component","id":"73e1dc6c-8441-42cc-ad47-4bd3659f8a3a","version":"1.14.0"},"@microsoft/sp-core-library":{"type":"component","id":"7263c7d0-1d6a-45ec-8d85-d4d1d234171b","version":"1.14.0"},"@microsoft/sp-page-context":{"type":"component","id":"1c4541f7-5c31-41aa-9fa8-fbc9dc14c0a8","version":"1.14.0"},"@microsoft/load-themed-styles":{"type":"component","id":"229b8d08-79f3-438b-8c21-4613fc877abd","version":"0.1.2"},"@microsoft/sp-diagnostics":{"type":"component","id":"78359e4b-07c2-43c6-8d0b-d060b4d577e8","version":"1.14.0"},"@microsoft/sp-http":{"type":"component","id":"c07208f0-ea3b-4c1a-9965-ac1b825211a6","version":"1.14.0"}}}},{"id":"1e384972-6346-49b4-93c7-b2e6763938e6","alias":"sp-polyfills","componentType":"Library","version":"1.15.2","manifestVersion":2,"loaderConfig":{"internalModuleBaseUrls":["https://localhost:4321/node_modules/@microsoft/sp-search-extensibility/node_modules/@microsoft/sp-polyfills/dist/","http://localhost:4321/dist/"],"entryModuleId":"sp-polyfills","scriptResources":{"sp-polyfills":{"type":"path","path":"sp-polyfills_none_115a08b69031d27ec174.js"}}}},{"id":"1e384972-6346-49b4-93c7-b2e6763938e6","alias":"sp-polyfills","componentType":"Library","version":"1.14.0","manifestVersion":2,"loaderConfig":{"internalModuleBaseUrls":["https://localhost:4321/node_modules/@microsoft/sp-webpart-base/node_modules/@microsoft/sp-polyfills/dist/","http://localhost:4321/dist/"],"entryModuleId":"sp-polyfills","scriptResources":{"sp-polyfills":{"type":"path","path":"sp-polyfills_none_704faea72693917a6864.js"}}}},{"id":"1c6c9123-7aac-41f3-a376-3caea41ed83f","alias":"SPLoader","componentType":"Library","version":"1.15.2","manifestVersion":2,"loaderConfig":{"internalModuleBaseUrls":["https://localhost:4321/node_modules/@microsoft/sp-search-extensibility/node_modules/@microsoft/sp-loader/dist/","https://localhost:54321/dist/"],"entryModuleId":"sp-loader","scriptResources":{"sp-loader":{"type":"localizedPath","paths":{"default":"sp-loader_default_d4abf9539b258df48fce.js","en-US":"sp-loader_en-us_d4abf9539b258df48fce.js","qps-ploca":"sp-loader_qps-ploca_d4abf9539b258df48fce.js","qps-ploc":"sp-loader_qps-ploc_d4abf9539b258df48fce.js","en-GB":"sp-loader_en-us_d4abf9539b258df48fce.js","en-NZ":"sp-loader_en-us_d4abf9539b258df48fce.js","en-IE":"sp-loader_en-us_d4abf9539b258df48fce.js","en-AU":"sp-loader_en-us_d4abf9539b258df48fce.js","bn":"sp-loader_en-us_d4abf9539b258df48fce.js","chr":"sp-loader_en-us_d4abf9539b258df48fce.js","dv":"sp-loader_en-us_d4abf9539b258df48fce.js","div":"sp-loader_en-us_d4abf9539b258df48fce.js","en":"sp-loader_en-us_d4abf9539b258df48fce.js","fil":"sp-loader_en-us_d4abf9539b258df48fce.js","haw":"sp-loader_en-us_d4abf9539b258df48fce.js","iu":"sp-loader_en-us_d4abf9539b258df48fce.js","lo":"sp-loader_en-us_d4abf9539b258df48fce.js","moh":"sp-loader_en-us_d4abf9539b258df48fce.js","sq":"sp-loader_en-us_d4abf9539b258df48fce.js","am":"sp-loader_en-us_d4abf9539b258df48fce.js","hy":"sp-loader_en-us_d4abf9539b258df48fce.js","mk":"sp-loader_en-us_d4abf9539b258df48fce.js","bs":"sp-loader_en-us_d4abf9539b258df48fce.js","my":"sp-loader_en-us_d4abf9539b258df48fce.js","dz":"sp-loader_en-us_d4abf9539b258df48fce.js","en-CY":"sp-loader_en-us_d4abf9539b258df48fce.js","en-EG":"sp-loader_en-us_d4abf9539b258df48fce.js","en-IL":"sp-loader_en-us_d4abf9539b258df48fce.js","en-IS":"sp-loader_en-us_d4abf9539b258df48fce.js","en-JO":"sp-loader_en-us_d4abf9539b258df48fce.js","en-KE":"sp-loader_en-us_d4abf9539b258df48fce.js","en-KW":"sp-loader_en-us_d4abf9539b258df48fce.js","en-MK":"sp-loader_en-us_d4abf9539b258df48fce.js","en-MT":"sp-loader_en-us_d4abf9539b258df48fce.js","en-PK":"sp-loader_en-us_d4abf9539b258df48fce.js","en-QA":"sp-loader_en-us_d4abf9539b258df48fce.js","en-SA":"sp-loader_en-us_d4abf9539b258df48fce.js","en-LK":"sp-loader_en-us_d4abf9539b258df48fce.js","en-AE":"sp-loader_en-us_d4abf9539b258df48fce.js","en-VN":"sp-loader_en-us_d4abf9539b258df48fce.js","is":"sp-loader_en-us_d4abf9539b258df48fce.js","km":"sp-loader_en-us_d4abf9539b258df48fce.js","kh":"sp-loader_en-us_d4abf9539b258df48fce.js","mt":"sp-loader_en-us_d4abf9539b258df48fce.js","fa":"sp-loader_en-us_d4abf9539b258df48fce.js","gd":"sp-loader_en-us_d4abf9539b258df48fce.js","sr-Cyrl-BA":"sp-loader_en-us_d4abf9539b258df48fce.js","sr-Latn-BA":"sp-loader_en-us_d4abf9539b258df48fce.js","sd":"sp-loader_en-us_d4abf9539b258df48fce.js","si":"sp-loader_en-us_d4abf9539b258df48fce.js","so":"sp-loader_en-us_d4abf9539b258df48fce.js","ti-ET":"sp-loader_en-us_d4abf9539b258df48fce.js","uz":"sp-loader_en-us_d4abf9539b258df48fce.js","en-SG":"sp-loader_en-us_d4abf9539b258df48fce.js","en-HK":"sp-loader_en-us_d4abf9539b258df48fce.js","en-MY":"sp-loader_en-us_d4abf9539b258df48fce.js","en-PH":"sp-loader_en-us_d4abf9539b258df48fce.js","en-TT":"sp-loader_en-us_d4abf9539b258df48fce.js","en-AZ":"sp-loader_en-us_d4abf9539b258df48fce.js","en-BH":"sp-loader_en-us_d4abf9539b258df48fce.js","en-BN":"sp-loader_en-us_d4abf9539b258df48fce.js","en-ID":"sp-loader_en-us_d4abf9539b258df48fce.js","mi":"sp-loader_en-us_d4abf9539b258df48fce.js"},"defaultPath":"sp-loader_default_d4abf9539b258df48fce.js"},"@ms/sp-telemetry":{"type":"component","id":"8217e442-8ed3-41fd-957d-b112e841286a","version":"0.24.16"},"@microsoft/sp-dynamic-data":{"type":"component","id":"e40f8203-b39d-425a-a957-714852e33b79","version":"1.15.2"},"@microsoft/sp-lodash-subset":{"type":"component","id":"73e1dc6c-8441-42cc-ad47-4bd3659f8a3a","version":"1.15.2"},"@microsoft/sp-core-library":{"type":"component","id":"7263c7d0-1d6a-45ec-8d85-d4d1d234171b","version":"1.15.2"},"@microsoft/sp-page-context":{"type":"component","id":"1c4541f7-5c31-41aa-9fa8-fbc9dc14c0a8","version":"1.15.2"},"@microsoft/load-themed-styles":{"type":"component","id":"229b8d08-79f3-438b-8c21-4613fc877abd","version":"0.1.2"},"@microsoft/sp-diagnostics":{"type":"component","id":"78359e4b-07c2-43c6-8d0b-d060b4d577e8","version":"1.15.2"},"@microsoft/sp-http":{"type":"component","id":"c07208f0-ea3b-4c1a-9965-ac1b825211a6","version":"1.15.2"}}}},{"id":"1c6c9123-7aac-41f3-a376-3caea41ed83f","alias":"SPLoader","componentType":"Library","version":"1.14.0","manifestVersion":2,"loaderConfig":{"internalModuleBaseUrls":["https://localhost:4321/node_modules/@microsoft/sp-webpart-base/node_modules/@microsoft/sp-loader/dist/","https://localhost:54321/dist/"],"entryModuleId":"sp-loader","scriptResources":{"sp-loader":{"type":"localizedPath","paths":{"default":"sp-loader_default_9a47a365fa4a7cdad57d.js","en-US":"sp-loader_en-us_9a47a365fa4a7cdad57d.js","qps-ploca":"sp-loader_qps-ploca_9a47a365fa4a7cdad57d.js","qps-ploc":"sp-loader_qps-ploc_9a47a365fa4a7cdad57d.js","en-GB":"sp-loader_en-us_9a47a365fa4a7cdad57d.js","en-NZ":"sp-loader_en-us_9a47a365fa4a7cdad57d.js","en-IE":"sp-loader_en-us_9a47a365fa4a7cdad57d.js","en-AU":"sp-loader_en-us_9a47a365fa4a7cdad57d.js","bn":"sp-loader_en-us_9a47a365fa4a7cdad57d.js","chr":"sp-loader_en-us_9a47a365fa4a7cdad57d.js","dv":"sp-loader_en-us_9a47a365fa4a7cdad57d.js","div":"sp-loader_en-us_9a47a365fa4a7cdad57d.js","en":"sp-loader_en-us_9a47a365fa4a7cdad57d.js","fil":"sp-loader_en-us_9a47a365fa4a7cdad57d.js","haw":"sp-loader_en-us_9a47a365fa4a7cdad57d.js","iu":"sp-loader_en-us_9a47a365fa4a7cdad57d.js","lo":"sp-loader_en-us_9a47a365fa4a7cdad57d.js","moh":"sp-loader_en-us_9a47a365fa4a7cdad57d.js","sq":"sp-loader_en-us_9a47a365fa4a7cdad57d.js","am":"sp-loader_en-us_9a47a365fa4a7cdad57d.js","hy":"sp-loader_en-us_9a47a365fa4a7cdad57d.js","mk":"sp-loader_en-us_9a47a365fa4a7cdad57d.js","bs":"sp-loader_en-us_9a47a365fa4a7cdad57d.js","my":"sp-loader_en-us_9a47a365fa4a7cdad57d.js","dz":"sp-loader_en-us_9a47a365fa4a7cdad57d.js","en-CY":"sp-loader_en-us_9a47a365fa4a7cdad57d.js","en-EG":"sp-loader_en-us_9a47a365fa4a7cdad57d.js","en-IL":"sp-loader_en-us_9a47a365fa4a7cdad57d.js","en-IS":"sp-loader_en-us_9a47a365fa4a7cdad57d.js","en-JO":"sp-loader_en-us_9a47a365fa4a7cdad57d.js","en-KE":"sp-loader_en-us_9a47a365fa4a7cdad57d.js","en-KW":"sp-loader_en-us_9a47a365fa4a7cdad57d.js","en-MK":"sp-loader_en-us_9a47a365fa4a7cdad57d.js","en-MT":"sp-loader_en-us_9a47a365fa4a7cdad57d.js","en-PK":"sp-loader_en-us_9a47a365fa4a7cdad57d.js","en-QA":"sp-loader_en-us_9a47a365fa4a7cdad57d.js","en-SA":"sp-loader_en-us_9a47a365fa4a7cdad57d.js","en-LK":"sp-loader_en-us_9a47a365fa4a7cdad57d.js","en-AE":"sp-loader_en-us_9a47a365fa4a7cdad57d.js","en-VN":"sp-loader_en-us_9a47a365fa4a7cdad57d.js","is":"sp-loader_en-us_9a47a365fa4a7cdad57d.js","km":"sp-loader_en-us_9a47a365fa4a7cdad57d.js","kh":"sp-loader_en-us_9a47a365fa4a7cdad57d.js","mt":"sp-loader_en-us_9a47a365fa4a7cdad57d.js","fa":"sp-loader_en-us_9a47a365fa4a7cdad57d.js","gd":"sp-loader_en-us_9a47a365fa4a7cdad57d.js","sr-Cyrl-BA":"sp-loader_en-us_9a47a365fa4a7cdad57d.js","sr-Latn-BA":"sp-loader_en-us_9a47a365fa4a7cdad57d.js","sd":"sp-loader_en-us_9a47a365fa4a7cdad57d.js","si":"sp-loader_en-us_9a47a365fa4a7cdad57d.js","so":"sp-loader_en-us_9a47a365fa4a7cdad57d.js","ti-ET":"sp-loader_en-us_9a47a365fa4a7cdad57d.js","uz":"sp-loader_en-us_9a47a365fa4a7cdad57d.js","en-SG":"sp-loader_en-us_9a47a365fa4a7cdad57d.js","en-HK":"sp-loader_en-us_9a47a365fa4a7cdad57d.js","en-MY":"sp-loader_en-us_9a47a365fa4a7cdad57d.js","en-PH":"sp-loader_en-us_9a47a365fa4a7cdad57d.js","en-TT":"sp-loader_en-us_9a47a365fa4a7cdad57d.js","en-AZ":"sp-loader_en-us_9a47a365fa4a7cdad57d.js","en-BH":"sp-loader_en-us_9a47a365fa4a7cdad57d.js","en-BN":"sp-loader_en-us_9a47a365fa4a7cdad57d.js","en-ID":"sp-loader_en-us_9a47a365fa4a7cdad57d.js","mi":"sp-loader_en-us_9a47a365fa4a7cdad57d.js"},"defaultPath":"sp-loader_default_9a47a365fa4a7cdad57d.js"},"@ms/sp-telemetry":{"type":"component","id":"8217e442-8ed3-41fd-957d-b112e841286a","version":"0.21.51"},"@microsoft/sp-dynamic-data":{"type":"component","id":"e40f8203-b39d-425a-a957-714852e33b79","version":"1.14.0"},"@microsoft/sp-lodash-subset":{"type":"component","id":"73e1dc6c-8441-42cc-ad47-4bd3659f8a3a","version":"1.14.0"},"@microsoft/sp-core-library":{"type":"component","id":"7263c7d0-1d6a-45ec-8d85-d4d1d234171b","version":"1.14.0"},"@microsoft/sp-page-context":{"type":"component","id":"1c4541f7-5c31-41aa-9fa8-fbc9dc14c0a8","version":"1.14.0"},"@microsoft/load-themed-styles":{"type":"component","id":"229b8d08-79f3-438b-8c21-4613fc877abd","version":"0.1.2"},"@microsoft/sp-diagnostics":{"type":"component","id":"78359e4b-07c2-43c6-8d0b-d060b4d577e8","version":"1.14.0"},"@microsoft/sp-http":{"type":"component","id":"c07208f0-ea3b-4c1a-9965-ac1b825211a6","version":"1.14.0"}}}},{"manifestVersion":2,"componentType":"Library","id":"44bae1a2-d2eb-4e10-8c21-a1dbdce1036f","alias":"sp-loader-assembly","isInternal":true,"version":"1.0.0","rootComponentId":"1c6c9123-7aac-41f3-a376-3caea41ed83f","requiresCustomScript":false,"loaderConfig":{"internalModuleBaseUrls":["https://localhost:4321/node_modules/@microsoft/sp-webpart-base/node_modules/@microsoft/sp-loader/dist/"],"entryModuleId":"sp-loader-assembly","scriptResources":{"sp-loader-assembly":{"type":"localizedPath","paths":{"default":"sp-loader-assembly_default.js","en-US":"sp-loader-assembly_en-us.js","qps-ploca":"sp-loader-assembly_qps-ploca.js","qps-ploc":"sp-loader-assembly_qps-ploc.js","en-GB":"sp-loader-assembly_en-us.js","en-NZ":"sp-loader-assembly_en-us.js","en-IE":"sp-loader-assembly_en-us.js","en-AU":"sp-loader-assembly_en-us.js","bn":"sp-loader-assembly_en-us.js","chr":"sp-loader-assembly_en-us.js","dv":"sp-loader-assembly_en-us.js","div":"sp-loader-assembly_en-us.js","en":"sp-loader-assembly_en-us.js","fil":"sp-loader-assembly_en-us.js","haw":"sp-loader-assembly_en-us.js","iu":"sp-loader-assembly_en-us.js","lo":"sp-loader-assembly_en-us.js","moh":"sp-loader-assembly_en-us.js","sq":"sp-loader-assembly_en-us.js","am":"sp-loader-assembly_en-us.js","hy":"sp-loader-assembly_en-us.js","mk":"sp-loader-assembly_en-us.js","bs":"sp-loader-assembly_en-us.js","my":"sp-loader-assembly_en-us.js","dz":"sp-loader-assembly_en-us.js","en-CY":"sp-loader-assembly_en-us.js","en-EG":"sp-loader-assembly_en-us.js","en-IL":"sp-loader-assembly_en-us.js","en-IS":"sp-loader-assembly_en-us.js","en-JO":"sp-loader-assembly_en-us.js","en-KE":"sp-loader-assembly_en-us.js","en-KW":"sp-loader-assembly_en-us.js","en-MK":"sp-loader-assembly_en-us.js","en-MT":"sp-loader-assembly_en-us.js","en-PK":"sp-loader-assembly_en-us.js","en-QA":"sp-loader-assembly_en-us.js","en-SA":"sp-loader-assembly_en-us.js","en-LK":"sp-loader-assembly_en-us.js","en-AE":"sp-loader-assembly_en-us.js","en-VN":"sp-loader-assembly_en-us.js","is":"sp-loader-assembly_en-us.js","km":"sp-loader-assembly_en-us.js","kh":"sp-loader-assembly_en-us.js","mt":"sp-loader-assembly_en-us.js","fa":"sp-loader-assembly_en-us.js","gd":"sp-loader-assembly_en-us.js","sr-Cyrl-BA":"sp-loader-assembly_en-us.js","sr-Latn-BA":"sp-loader-assembly_en-us.js","sd":"sp-loader-assembly_en-us.js","si":"sp-loader-assembly_en-us.js","so":"sp-loader-assembly_en-us.js","ti-ET":"sp-loader-assembly_en-us.js","uz":"sp-loader-assembly_en-us.js","en-SG":"sp-loader-assembly_en-us.js","en-HK":"sp-loader-assembly_en-us.js","en-MY":"sp-loader-assembly_en-us.js","en-PH":"sp-loader-assembly_en-us.js","en-TT":"sp-loader-assembly_en-us.js","en-AZ":"sp-loader-assembly_en-us.js","en-BH":"sp-loader-assembly_en-us.js","en-BN":"sp-loader-assembly_en-us.js","en-ID":"sp-loader-assembly_en-us.js","mi":"sp-loader-assembly_en-us.js"},"defaultPath":"sp-loader-assembly_default.js"}}}},{"id":"0773bd53-a69e-4293-87e6-ba80ea4d614b","alias":"SPExtensionBase","componentType":"Library","version":"1.15.2","manifestVersion":2,"loaderConfig":{"internalModuleBaseUrls":["https://localhost:4321/node_modules/@microsoft/sp-search-extensibility/node_modules/@microsoft/sp-extension-base/dist/","https://localhost:4321/dist/"],"entryModuleId":"sp-extension-base","scriptResources":{"sp-extension-base":{"type":"localizedPath","paths":{"default":"sp-extension-base_default_0f8015bbb30806b46daf.js","en-US":"sp-extension-base_en-us_0f8015bbb30806b46daf.js","qps-ploca":"sp-extension-base_qps-ploca_0f8015bbb30806b46daf.js","qps-ploc":"sp-extension-base_qps-ploc_0f8015bbb30806b46daf.js","en-GB":"sp-extension-base_en-us_0f8015bbb30806b46daf.js","en-NZ":"sp-extension-base_en-us_0f8015bbb30806b46daf.js","en-IE":"sp-extension-base_en-us_0f8015bbb30806b46daf.js","en-AU":"sp-extension-base_en-us_0f8015bbb30806b46daf.js","bn":"sp-extension-base_en-us_0f8015bbb30806b46daf.js","chr":"sp-extension-base_en-us_0f8015bbb30806b46daf.js","dv":"sp-extension-base_en-us_0f8015bbb30806b46daf.js","div":"sp-extension-base_en-us_0f8015bbb30806b46daf.js","en":"sp-extension-base_en-us_0f8015bbb30806b46daf.js","fil":"sp-extension-base_en-us_0f8015bbb30806b46daf.js","haw":"sp-extension-base_en-us_0f8015bbb30806b46daf.js","iu":"sp-extension-base_en-us_0f8015bbb30806b46daf.js","lo":"sp-extension-base_en-us_0f8015bbb30806b46daf.js","moh":"sp-extension-base_en-us_0f8015bbb30806b46daf.js","sq":"sp-extension-base_en-us_0f8015bbb30806b46daf.js","am":"sp-extension-base_en-us_0f8015bbb30806b46daf.js","hy":"sp-extension-base_en-us_0f8015bbb30806b46daf.js","mk":"sp-extension-base_en-us_0f8015bbb30806b46daf.js","bs":"sp-extension-base_en-us_0f8015bbb30806b46daf.js","my":"sp-extension-base_en-us_0f8015bbb30806b46daf.js","dz":"sp-extension-base_en-us_0f8015bbb30806b46daf.js","en-CY":"sp-extension-base_en-us_0f8015bbb30806b46daf.js","en-EG":"sp-extension-base_en-us_0f8015bbb30806b46daf.js","en-IL":"sp-extension-base_en-us_0f8015bbb30806b46daf.js","en-IS":"sp-extension-base_en-us_0f8015bbb30806b46daf.js","en-JO":"sp-extension-base_en-us_0f8015bbb30806b46daf.js","en-KE":"sp-extension-base_en-us_0f8015bbb30806b46daf.js","en-KW":"sp-extension-base_en-us_0f8015bbb30806b46daf.js","en-MK":"sp-extension-base_en-us_0f8015bbb30806b46daf.js","en-MT":"sp-extension-base_en-us_0f8015bbb30806b46daf.js","en-PK":"sp-extension-base_en-us_0f8015bbb30806b46daf.js","en-QA":"sp-extension-base_en-us_0f8015bbb30806b46daf.js","en-SA":"sp-extension-base_en-us_0f8015bbb30806b46daf.js","en-LK":"sp-extension-base_en-us_0f8015bbb30806b46daf.js","en-AE":"sp-extension-base_en-us_0f8015bbb30806b46daf.js","en-VN":"sp-extension-base_en-us_0f8015bbb30806b46daf.js","is":"sp-extension-base_en-us_0f8015bbb30806b46daf.js","km":"sp-extension-base_en-us_0f8015bbb30806b46daf.js","kh":"sp-extension-base_en-us_0f8015bbb30806b46daf.js","mt":"sp-extension-base_en-us_0f8015bbb30806b46daf.js","fa":"sp-extension-base_en-us_0f8015bbb30806b46daf.js","gd":"sp-extension-base_en-us_0f8015bbb30806b46daf.js","sr-Cyrl-BA":"sp-extension-base_en-us_0f8015bbb30806b46daf.js","sr-Latn-BA":"sp-extension-base_en-us_0f8015bbb30806b46daf.js","sd":"sp-extension-base_en-us_0f8015bbb30806b46daf.js","si":"sp-extension-base_en-us_0f8015bbb30806b46daf.js","so":"sp-extension-base_en-us_0f8015bbb30806b46daf.js","ti-ET":"sp-extension-base_en-us_0f8015bbb30806b46daf.js","uz":"sp-extension-base_en-us_0f8015bbb30806b46daf.js","en-SG":"sp-extension-base_en-us_0f8015bbb30806b46daf.js","en-HK":"sp-extension-base_en-us_0f8015bbb30806b46daf.js","en-MY":"sp-extension-base_en-us_0f8015bbb30806b46daf.js","en-PH":"sp-extension-base_en-us_0f8015bbb30806b46daf.js","en-TT":"sp-extension-base_en-us_0f8015bbb30806b46daf.js","en-AZ":"sp-extension-base_en-us_0f8015bbb30806b46daf.js","en-BH":"sp-extension-base_en-us_0f8015bbb30806b46daf.js","en-BN":"sp-extension-base_en-us_0f8015bbb30806b46daf.js","en-ID":"sp-extension-base_en-us_0f8015bbb30806b46daf.js","mi":"sp-extension-base_en-us_0f8015bbb30806b46daf.js"},"defaultPath":"sp-extension-base_default_0f8015bbb30806b46daf.js"},"tslib":{"type":"component","id":"01c4df03-e775-48cb-aa14-171ee5199a15","version":"2.3.1"},"@ms/sp-telemetry":{"type":"component","id":"8217e442-8ed3-41fd-957d-b112e841286a","version":"0.24.16"},"@microsoft/sp-component-base":{"type":"component","id":"467dc675-7cc5-4709-8aac-78e3b71bd2f6","version":"1.15.2"},"@microsoft/sp-loader":{"type":"component","id":"1c6c9123-7aac-41f3-a376-3caea41ed83f","version":"1.15.2"},"@microsoft/sp-core-library":{"type":"component","id":"7263c7d0-1d6a-45ec-8d85-d4d1d234171b","version":"1.15.2"},"@microsoft/sp-diagnostics":{"type":"component","id":"78359e4b-07c2-43c6-8d0b-d060b4d577e8","version":"1.15.2"}}}},{"manifestVersion":2,"id":"4958ea79-6ff3-4480-8291-0932dd010869","alias":"SPSearchExtensibility","componentType":"Library","version":"1.15.2","loaderConfig":{"internalModuleBaseUrls":["https://localhost:4321/node_modules/@microsoft/sp-search-extensibility/dist/","https://localhost:4321/dist/"],"entryModuleId":"sp-search-extensibility","scriptResources":{"sp-search-extensibility":{"type":"path","path":"sp-search-extensibility_none_b27a85c80b513145229b.js"},"tslib":{"type":"component","id":"01c4df03-e775-48cb-aa14-171ee5199a15","version":"2.3.1"},"@microsoft/sp-loader":{"type":"component","id":"1c6c9123-7aac-41f3-a376-3caea41ed83f","version":"1.15.2"},"@microsoft/sp-core-library":{"type":"component","id":"7263c7d0-1d6a-45ec-8d85-d4d1d234171b","version":"1.15.2"},"@microsoft/sp-extension-base":{"type":"component","id":"0773bd53-a69e-4293-87e6-ba80ea4d614b","version":"1.15.2"},"@microsoft/sp-diagnostics":{"type":"component","id":"78359e4b-07c2-43c6-8d0b-d060b4d577e8","version":"1.15.2"}}}},{"manifestVersion":2,"componentType":"Library","id":"05580011-8e5d-45cc-8488-220e459c5c67","alias":"sp-default-assembly","isInternal":true,"version":"1.0.0","rootComponentId":"4df9bb86-ab0a-4aab-ab5f-48bf167048fb","requiresCustomScript":false,"loaderConfig":{"internalModuleBaseUrls":["https://localhost:4321/node_modules/@microsoft/sp-application-base/dist/"],"entryModuleId":"sp-default-assembly","scriptResources":{"sp-default-assembly":{"type":"localizedPath","paths":{"default":"sp-default-assembly_default.js","en-US":"sp-default-assembly_en-us.js","qps-ploca":"sp-default-assembly_qps-ploca.js","qps-ploc":"sp-default-assembly_qps-ploc.js","en-GB":"sp-default-assembly_en-us.js","en-NZ":"sp-default-assembly_en-us.js","en-IE":"sp-default-assembly_en-us.js","en-AU":"sp-default-assembly_en-us.js","bn":"sp-default-assembly_en-us.js","chr":"sp-default-assembly_en-us.js","dv":"sp-default-assembly_en-us.js","div":"sp-default-assembly_en-us.js","en":"sp-default-assembly_en-us.js","fil":"sp-default-assembly_en-us.js","haw":"sp-default-assembly_en-us.js","iu":"sp-default-assembly_en-us.js","lo":"sp-default-assembly_en-us.js","moh":"sp-default-assembly_en-us.js","sq":"sp-default-assembly_en-us.js","am":"sp-default-assembly_en-us.js","hy":"sp-default-assembly_en-us.js","mk":"sp-default-assembly_en-us.js","bs":"sp-default-assembly_en-us.js","my":"sp-default-assembly_en-us.js","dz":"sp-default-assembly_en-us.js","en-CY":"sp-default-assembly_en-us.js","en-EG":"sp-default-assembly_en-us.js","en-IL":"sp-default-assembly_en-us.js","en-IS":"sp-default-assembly_en-us.js","en-JO":"sp-default-assembly_en-us.js","en-KE":"sp-default-assembly_en-us.js","en-KW":"sp-default-assembly_en-us.js","en-MK":"sp-default-assembly_en-us.js","en-MT":"sp-default-assembly_en-us.js","en-PK":"sp-default-assembly_en-us.js","en-QA":"sp-default-assembly_en-us.js","en-SA":"sp-default-assembly_en-us.js","en-LK":"sp-default-assembly_en-us.js","en-AE":"sp-default-assembly_en-us.js","en-VN":"sp-default-assembly_en-us.js","is":"sp-default-assembly_en-us.js","km":"sp-default-assembly_en-us.js","kh":"sp-default-assembly_en-us.js","mt":"sp-default-assembly_en-us.js","fa":"sp-default-assembly_en-us.js","gd":"sp-default-assembly_en-us.js","sr-Cyrl-BA":"sp-default-assembly_en-us.js","sr-Latn-BA":"sp-default-assembly_en-us.js","sd":"sp-default-assembly_en-us.js","si":"sp-default-assembly_en-us.js","so":"sp-default-assembly_en-us.js","ti-ET":"sp-default-assembly_en-us.js","uz":"sp-default-assembly_en-us.js","en-SG":"sp-default-assembly_en-us.js","en-HK":"sp-default-assembly_en-us.js","en-MY":"sp-default-assembly_en-us.js","en-PH":"sp-default-assembly_en-us.js","en-TT":"sp-default-assembly_en-us.js","en-AZ":"sp-default-assembly_en-us.js","en-BH":"sp-default-assembly_en-us.js","en-BN":"sp-default-assembly_en-us.js","en-ID":"sp-default-assembly_en-us.js","mi":"sp-default-assembly_en-us.js"},"defaultPath":"sp-default-assembly_default.js"}}}},{"id":"4df9bb86-ab0a-4aab-ab5f-48bf167048fb","alias":"SPApplicationBase","componentType":"Library","version":"1.15.2","manifestVersion":2,"preloadComponents":["c0c518b8-701b-4f6f-956d-5782772bb731","4958ea79-6ff3-4480-8291-0932dd010869"],"loaderConfig":{"internalModuleBaseUrls":["https://localhost:4321/node_modules/@microsoft/sp-application-base/dist/","https://localhost:4321/dist/"],"entryModuleId":"sp-application-base","scriptResources":{"sp-application-base":{"type":"localizedPath","paths":{"default":"sp-application-base_default_554829a6f42c96a0694f.js","en-US":"sp-application-base_en-us_554829a6f42c96a0694f.js","qps-ploca":"sp-application-base_qps-ploca_554829a6f42c96a0694f.js","qps-ploc":"sp-application-base_qps-ploc_554829a6f42c96a0694f.js","en-GB":"sp-application-base_en-us_554829a6f42c96a0694f.js","en-NZ":"sp-application-base_en-us_554829a6f42c96a0694f.js","en-IE":"sp-application-base_en-us_554829a6f42c96a0694f.js","en-AU":"sp-application-base_en-us_554829a6f42c96a0694f.js","bn":"sp-application-base_en-us_554829a6f42c96a0694f.js","chr":"sp-application-base_en-us_554829a6f42c96a0694f.js","dv":"sp-application-base_en-us_554829a6f42c96a0694f.js","div":"sp-application-base_en-us_554829a6f42c96a0694f.js","en":"sp-application-base_en-us_554829a6f42c96a0694f.js","fil":"sp-application-base_en-us_554829a6f42c96a0694f.js","haw":"sp-application-base_en-us_554829a6f42c96a0694f.js","iu":"sp-application-base_en-us_554829a6f42c96a0694f.js","lo":"sp-application-base_en-us_554829a6f42c96a0694f.js","moh":"sp-application-base_en-us_554829a6f42c96a0694f.js","sq":"sp-application-base_en-us_554829a6f42c96a0694f.js","am":"sp-application-base_en-us_554829a6f42c96a0694f.js","hy":"sp-application-base_en-us_554829a6f42c96a0694f.js","mk":"sp-application-base_en-us_554829a6f42c96a0694f.js","bs":"sp-application-base_en-us_554829a6f42c96a0694f.js","my":"sp-application-base_en-us_554829a6f42c96a0694f.js","dz":"sp-application-base_en-us_554829a6f42c96a0694f.js","en-CY":"sp-application-base_en-us_554829a6f42c96a0694f.js","en-EG":"sp-application-base_en-us_554829a6f42c96a0694f.js","en-IL":"sp-application-base_en-us_554829a6f42c96a0694f.js","en-IS":"sp-application-base_en-us_554829a6f42c96a0694f.js","en-JO":"sp-application-base_en-us_554829a6f42c96a0694f.js","en-KE":"sp-application-base_en-us_554829a6f42c96a0694f.js","en-KW":"sp-application-base_en-us_554829a6f42c96a0694f.js","en-MK":"sp-application-base_en-us_554829a6f42c96a0694f.js","en-MT":"sp-application-base_en-us_554829a6f42c96a0694f.js","en-PK":"sp-application-base_en-us_554829a6f42c96a0694f.js","en-QA":"sp-application-base_en-us_554829a6f42c96a0694f.js","en-SA":"sp-application-base_en-us_554829a6f42c96a0694f.js","en-LK":"sp-application-base_en-us_554829a6f42c96a0694f.js","en-AE":"sp-application-base_en-us_554829a6f42c96a0694f.js","en-VN":"sp-application-base_en-us_554829a6f42c96a0694f.js","is":"sp-application-base_en-us_554829a6f42c96a0694f.js","km":"sp-application-base_en-us_554829a6f42c96a0694f.js","kh":"sp-application-base_en-us_554829a6f42c96a0694f.js","mt":"sp-application-base_en-us_554829a6f42c96a0694f.js","fa":"sp-application-base_en-us_554829a6f42c96a0694f.js","gd":"sp-application-base_en-us_554829a6f42c96a0694f.js","sr-Cyrl-BA":"sp-application-base_en-us_554829a6f42c96a0694f.js","sr-Latn-BA":"sp-application-base_en-us_554829a6f42c96a0694f.js","sd":"sp-application-base_en-us_554829a6f42c96a0694f.js","si":"sp-application-base_en-us_554829a6f42c96a0694f.js","so":"sp-application-base_en-us_554829a6f42c96a0694f.js","ti-ET":"sp-application-base_en-us_554829a6f42c96a0694f.js","uz":"sp-application-base_en-us_554829a6f42c96a0694f.js","en-SG":"sp-application-base_en-us_554829a6f42c96a0694f.js","en-HK":"sp-application-base_en-us_554829a6f42c96a0694f.js","en-MY":"sp-application-base_en-us_554829a6f42c96a0694f.js","en-PH":"sp-application-base_en-us_554829a6f42c96a0694f.js","en-TT":"sp-application-base_en-us_554829a6f42c96a0694f.js","en-AZ":"sp-application-base_en-us_554829a6f42c96a0694f.js","en-BH":"sp-application-base_en-us_554829a6f42c96a0694f.js","en-BN":"sp-application-base_en-us_554829a6f42c96a0694f.js","en-ID":"sp-application-base_en-us_554829a6f42c96a0694f.js","mi":"sp-application-base_en-us_554829a6f42c96a0694f.js"},"defaultPath":"sp-application-base_default_554829a6f42c96a0694f.js"},"tslib":{"type":"component","id":"01c4df03-e775-48cb-aa14-171ee5199a15","version":"2.3.1"},"@ms/sp-telemetry":{"type":"component","id":"8217e442-8ed3-41fd-957d-b112e841286a","version":"0.24.16"},"@microsoft/sp-component-base":{"type":"component","id":"467dc675-7cc5-4709-8aac-78e3b71bd2f6","version":"1.15.2"},"@microsoft/sp-loader":{"type":"component","id":"1c6c9123-7aac-41f3-a376-3caea41ed83f","version":"1.15.2"},"@microsoft/sp-lodash-subset":{"type":"component","id":"73e1dc6c-8441-42cc-ad47-4bd3659f8a3a","version":"1.15.2"},"@microsoft/sp-core-library":{"type":"component","id":"7263c7d0-1d6a-45ec-8d85-d4d1d234171b","version":"1.15.2"},"@microsoft/sp-page-context":{"type":"component","id":"1c4541f7-5c31-41aa-9fa8-fbc9dc14c0a8","version":"1.15.2"},"@microsoft/sp-extension-base":{"type":"component","id":"0773bd53-a69e-4293-87e6-ba80ea4d614b","version":"1.15.2"},"@microsoft/sp-diagnostics":{"type":"component","id":"78359e4b-07c2-43c6-8d0b-d060b4d577e8","version":"1.15.2"},"@microsoft/sp-http":{"type":"component","id":"c07208f0-ea3b-4c1a-9965-ac1b825211a6","version":"1.15.2"}}}},{"id":"29bd516f-4ece-40b7-8028-597cbc65a223","alias":"SpOfficeUIFabricCore","componentType":"Library","version":"1.14.0","manifestVersion":2,"loaderConfig":{"internalModuleBaseUrls":["https://localhost:4321/node_modules/@microsoft/sp-office-ui-fabric-core/dist/","http://localhost:4321/dist/"],"entryModuleId":"office-ui-fabric-core","scriptResources":{"office-ui-fabric-core":{"type":"path","path":"office-ui-fabric-core_none_a9c065e6331623c3c52b.js"},"@microsoft/load-themed-styles":{"type":"component","id":"229b8d08-79f3-438b-8c21-4613fc877abd","version":"0.1.2"}}}},{"id":"f9e737b7-f0df-4597-ba8c-3060f82380db","alias":"SPPropertyPane","componentType":"Library","version":"1.14.0","manifestVersion":2,"loaderConfig":{"internalModuleBaseUrls":["https://localhost:4321/node_modules/@microsoft/sp-property-pane/dist/","https://localhost:4321/dist/"],"entryModuleId":"sp-property-pane","scriptResources":{"sp-property-pane":{"type":"localizedPath","paths":{"default":"sp-property-pane_default_aa43ab558333017c46b2.js","en-US":"sp-property-pane_en-us_aa43ab558333017c46b2.js","qps-ploca":"sp-property-pane_qps-ploca_aa43ab558333017c46b2.js","qps-ploc":"sp-property-pane_qps-ploc_aa43ab558333017c46b2.js","en-GB":"sp-property-pane_en-us_aa43ab558333017c46b2.js","en-NZ":"sp-property-pane_en-us_aa43ab558333017c46b2.js","en-IE":"sp-property-pane_en-us_aa43ab558333017c46b2.js","en-AU":"sp-property-pane_en-us_aa43ab558333017c46b2.js","bn":"sp-property-pane_en-us_aa43ab558333017c46b2.js","chr":"sp-property-pane_en-us_aa43ab558333017c46b2.js","dv":"sp-property-pane_en-us_aa43ab558333017c46b2.js","div":"sp-property-pane_en-us_aa43ab558333017c46b2.js","en":"sp-property-pane_en-us_aa43ab558333017c46b2.js","fil":"sp-property-pane_en-us_aa43ab558333017c46b2.js","haw":"sp-property-pane_en-us_aa43ab558333017c46b2.js","iu":"sp-property-pane_en-us_aa43ab558333017c46b2.js","lo":"sp-property-pane_en-us_aa43ab558333017c46b2.js","moh":"sp-property-pane_en-us_aa43ab558333017c46b2.js","sq":"sp-property-pane_en-us_aa43ab558333017c46b2.js","am":"sp-property-pane_en-us_aa43ab558333017c46b2.js","hy":"sp-property-pane_en-us_aa43ab558333017c46b2.js","mk":"sp-property-pane_en-us_aa43ab558333017c46b2.js","bs":"sp-property-pane_en-us_aa43ab558333017c46b2.js","my":"sp-property-pane_en-us_aa43ab558333017c46b2.js","dz":"sp-property-pane_en-us_aa43ab558333017c46b2.js","en-CY":"sp-property-pane_en-us_aa43ab558333017c46b2.js","en-EG":"sp-property-pane_en-us_aa43ab558333017c46b2.js","en-IL":"sp-property-pane_en-us_aa43ab558333017c46b2.js","en-IS":"sp-property-pane_en-us_aa43ab558333017c46b2.js","en-JO":"sp-property-pane_en-us_aa43ab558333017c46b2.js","en-KE":"sp-property-pane_en-us_aa43ab558333017c46b2.js","en-KW":"sp-property-pane_en-us_aa43ab558333017c46b2.js","en-MK":"sp-property-pane_en-us_aa43ab558333017c46b2.js","en-MT":"sp-property-pane_en-us_aa43ab558333017c46b2.js","en-PK":"sp-property-pane_en-us_aa43ab558333017c46b2.js","en-QA":"sp-property-pane_en-us_aa43ab558333017c46b2.js","en-SA":"sp-property-pane_en-us_aa43ab558333017c46b2.js","en-LK":"sp-property-pane_en-us_aa43ab558333017c46b2.js","en-AE":"sp-property-pane_en-us_aa43ab558333017c46b2.js","en-VN":"sp-property-pane_en-us_aa43ab558333017c46b2.js","is":"sp-property-pane_en-us_aa43ab558333017c46b2.js","km":"sp-property-pane_en-us_aa43ab558333017c46b2.js","kh":"sp-property-pane_en-us_aa43ab558333017c46b2.js","mt":"sp-property-pane_en-us_aa43ab558333017c46b2.js","fa":"sp-property-pane_en-us_aa43ab558333017c46b2.js","gd":"sp-property-pane_en-us_aa43ab558333017c46b2.js","sr-Cyrl-BA":"sp-property-pane_en-us_aa43ab558333017c46b2.js","sr-Latn-BA":"sp-property-pane_en-us_aa43ab558333017c46b2.js","sd":"sp-property-pane_en-us_aa43ab558333017c46b2.js","si":"sp-property-pane_en-us_aa43ab558333017c46b2.js","so":"sp-property-pane_en-us_aa43ab558333017c46b2.js","ti-ET":"sp-property-pane_en-us_aa43ab558333017c46b2.js","uz":"sp-property-pane_en-us_aa43ab558333017c46b2.js","en-SG":"sp-property-pane_en-us_aa43ab558333017c46b2.js","en-HK":"sp-property-pane_en-us_aa43ab558333017c46b2.js","en-MY":"sp-property-pane_en-us_aa43ab558333017c46b2.js","en-PH":"sp-property-pane_en-us_aa43ab558333017c46b2.js","en-TT":"sp-property-pane_en-us_aa43ab558333017c46b2.js","en-AZ":"sp-property-pane_en-us_aa43ab558333017c46b2.js","en-BH":"sp-property-pane_en-us_aa43ab558333017c46b2.js","en-BN":"sp-property-pane_en-us_aa43ab558333017c46b2.js","en-ID":"sp-property-pane_en-us_aa43ab558333017c46b2.js","mi":"sp-property-pane_en-us_aa43ab558333017c46b2.js"},"defaultPath":"sp-property-pane_default_aa43ab558333017c46b2.js"},"@microsoft/sp-loader":{"type":"component","id":"1c6c9123-7aac-41f3-a376-3caea41ed83f","version":"1.14.0"},"@microsoft/sp-core-library":{"type":"component","id":"7263c7d0-1d6a-45ec-8d85-d4d1d234171b","version":"1.14.0"},"react":{"type":"component","id":"0d910c1c-13b9-4e1c-9aa4-b008c5e42d7d","version":"16.13.1"},"react-dom":{"type":"component","id":"aa0a46ec-1505-43cd-a44a-93f3a5aa460a","version":"16.13.1"},"@microsoft/load-themed-styles":{"type":"component","id":"229b8d08-79f3-438b-8c21-4613fc877abd","version":"0.1.2"},"@microsoft/sp-diagnostics":{"type":"component","id":"78359e4b-07c2-43c6-8d0b-d060b4d577e8","version":"1.14.0"}}}},{"id":"974a7777-0990-4136-8fa6-95d80114c2e0","alias":"SPWebPartBase","componentType":"Library","version":"1.14.0","manifestVersion":2,"preloadComponents":["f9e737b7-f0df-4597-ba8c-3060f82380db"],"loaderConfig":{"internalModuleBaseUrls":["https://localhost:4321/node_modules/@microsoft/sp-webpart-base/dist/","https://localhost:4321/dist/"],"entryModuleId":"sp-webpart-base","scriptResources":{"sp-webpart-base":{"type":"localizedPath","paths":{"default":"sp-webpart-base_default_c041ba1c901da938aa4d.js","en-US":"sp-webpart-base_en-us_c041ba1c901da938aa4d.js","qps-ploca":"sp-webpart-base_qps-ploca_c041ba1c901da938aa4d.js","qps-ploc":"sp-webpart-base_qps-ploc_c041ba1c901da938aa4d.js","en-GB":"sp-webpart-base_en-us_c041ba1c901da938aa4d.js","en-NZ":"sp-webpart-base_en-us_c041ba1c901da938aa4d.js","en-IE":"sp-webpart-base_en-us_c041ba1c901da938aa4d.js","en-AU":"sp-webpart-base_en-us_c041ba1c901da938aa4d.js","bn":"sp-webpart-base_en-us_c041ba1c901da938aa4d.js","chr":"sp-webpart-base_en-us_c041ba1c901da938aa4d.js","dv":"sp-webpart-base_en-us_c041ba1c901da938aa4d.js","div":"sp-webpart-base_en-us_c041ba1c901da938aa4d.js","en":"sp-webpart-base_en-us_c041ba1c901da938aa4d.js","fil":"sp-webpart-base_en-us_c041ba1c901da938aa4d.js","haw":"sp-webpart-base_en-us_c041ba1c901da938aa4d.js","iu":"sp-webpart-base_en-us_c041ba1c901da938aa4d.js","lo":"sp-webpart-base_en-us_c041ba1c901da938aa4d.js","moh":"sp-webpart-base_en-us_c041ba1c901da938aa4d.js","sq":"sp-webpart-base_en-us_c041ba1c901da938aa4d.js","am":"sp-webpart-base_en-us_c041ba1c901da938aa4d.js","hy":"sp-webpart-base_en-us_c041ba1c901da938aa4d.js","mk":"sp-webpart-base_en-us_c041ba1c901da938aa4d.js","bs":"sp-webpart-base_en-us_c041ba1c901da938aa4d.js","my":"sp-webpart-base_en-us_c041ba1c901da938aa4d.js","dz":"sp-webpart-base_en-us_c041ba1c901da938aa4d.js","en-CY":"sp-webpart-base_en-us_c041ba1c901da938aa4d.js","en-EG":"sp-webpart-base_en-us_c041ba1c901da938aa4d.js","en-IL":"sp-webpart-base_en-us_c041ba1c901da938aa4d.js","en-IS":"sp-webpart-base_en-us_c041ba1c901da938aa4d.js","en-JO":"sp-webpart-base_en-us_c041ba1c901da938aa4d.js","en-KE":"sp-webpart-base_en-us_c041ba1c901da938aa4d.js","en-KW":"sp-webpart-base_en-us_c041ba1c901da938aa4d.js","en-MK":"sp-webpart-base_en-us_c041ba1c901da938aa4d.js","en-MT":"sp-webpart-base_en-us_c041ba1c901da938aa4d.js","en-PK":"sp-webpart-base_en-us_c041ba1c901da938aa4d.js","en-QA":"sp-webpart-base_en-us_c041ba1c901da938aa4d.js","en-SA":"sp-webpart-base_en-us_c041ba1c901da938aa4d.js","en-LK":"sp-webpart-base_en-us_c041ba1c901da938aa4d.js","en-AE":"sp-webpart-base_en-us_c041ba1c901da938aa4d.js","en-VN":"sp-webpart-base_en-us_c041ba1c901da938aa4d.js","is":"sp-webpart-base_en-us_c041ba1c901da938aa4d.js","km":"sp-webpart-base_en-us_c041ba1c901da938aa4d.js","kh":"sp-webpart-base_en-us_c041ba1c901da938aa4d.js","mt":"sp-webpart-base_en-us_c041ba1c901da938aa4d.js","fa":"sp-webpart-base_en-us_c041ba1c901da938aa4d.js","gd":"sp-webpart-base_en-us_c041ba1c901da938aa4d.js","sr-Cyrl-BA":"sp-webpart-base_en-us_c041ba1c901da938aa4d.js","sr-Latn-BA":"sp-webpart-base_en-us_c041ba1c901da938aa4d.js","sd":"sp-webpart-base_en-us_c041ba1c901da938aa4d.js","si":"sp-webpart-base_en-us_c041ba1c901da938aa4d.js","so":"sp-webpart-base_en-us_c041ba1c901da938aa4d.js","ti-ET":"sp-webpart-base_en-us_c041ba1c901da938aa4d.js","uz":"sp-webpart-base_en-us_c041ba1c901da938aa4d.js","en-SG":"sp-webpart-base_en-us_c041ba1c901da938aa4d.js","en-HK":"sp-webpart-base_en-us_c041ba1c901da938aa4d.js","en-MY":"sp-webpart-base_en-us_c041ba1c901da938aa4d.js","en-PH":"sp-webpart-base_en-us_c041ba1c901da938aa4d.js","en-TT":"sp-webpart-base_en-us_c041ba1c901da938aa4d.js","en-AZ":"sp-webpart-base_en-us_c041ba1c901da938aa4d.js","en-BH":"sp-webpart-base_en-us_c041ba1c901da938aa4d.js","en-BN":"sp-webpart-base_en-us_c041ba1c901da938aa4d.js","en-ID":"sp-webpart-base_en-us_c041ba1c901da938aa4d.js","mi":"sp-webpart-base_en-us_c041ba1c901da938aa4d.js"},"defaultPath":"sp-webpart-base_default_c041ba1c901da938aa4d.js"},"tslib":{"type":"component","id":"01c4df03-e775-48cb-aa14-171ee5199a15","version":"1.10.0"},"@ms/sp-telemetry":{"type":"component","id":"8217e442-8ed3-41fd-957d-b112e841286a","version":"0.21.51"},"@microsoft/sp-component-base":{"type":"component","id":"467dc675-7cc5-4709-8aac-78e3b71bd2f6","version":"1.14.0"},"@microsoft/sp-loader":{"type":"component","id":"1c6c9123-7aac-41f3-a376-3caea41ed83f","version":"1.14.0"},"@microsoft/sp-lodash-subset":{"type":"component","id":"73e1dc6c-8441-42cc-ad47-4bd3659f8a3a","version":"1.14.0"},"@microsoft/sp-core-library":{"type":"component","id":"7263c7d0-1d6a-45ec-8d85-d4d1d234171b","version":"1.14.0"},"@microsoft/sp-page-context":{"type":"component","id":"1c4541f7-5c31-41aa-9fa8-fbc9dc14c0a8","version":"1.14.0"},"@ms/sp-edit-customer-promise":{"type":"component","id":"42647dee-1f75-4b9f-b521-5c844a6c35cc","version":"0.1.0"},"@microsoft/load-themed-styles":{"type":"component","id":"229b8d08-79f3-438b-8c21-4613fc877abd","version":"0.1.2"},"@microsoft/sp-diagnostics":{"type":"component","id":"78359e4b-07c2-43c6-8d0b-d060b4d577e8","version":"1.14.0"},"@microsoft/sp-http":{"type":"component","id":"c07208f0-ea3b-4c1a-9965-ac1b825211a6","version":"1.14.0"}}}},{"id":"13e679c7-2414-4faf-b5c8-5fa71afddd71","alias":"FlashnewsWebPart","componentType":"WebPart","version":"0.0.2","manifestVersion":2,"requiresCustomScript":false,"supportedHosts":["SharePointWebPart"],"preconfiguredEntries":[{"groupId":"5c03119e-3074-46fd-976b-c60198311f70","group":{"default":"Other"},"title":{"default":"flashnews"},"description":{"default":"flashnews description"},"officeFabricIconFontName":"Page","properties":{"description":"flashnews"}}],"loaderConfig":{"internalModuleBaseUrls":["https://localhost:4321/dist/"],"entryModuleId":"flashnews-web-part","scriptResources":{"flashnews-web-part":{"type":"path","path":"flashnews-web-part_0cecfae753cf39b84a21.js"},"@microsoft/sp-property-pane":{"type":"component","id":"f9e737b7-f0df-4597-ba8c-3060f82380db","version":"1.14.0"},"@microsoft/sp-lodash-subset":{"type":"component","id":"73e1dc6c-8441-42cc-ad47-4bd3659f8a3a","version":"1.14.0"},"@microsoft/sp-core-library":{"type":"component","id":"7263c7d0-1d6a-45ec-8d85-d4d1d234171b","version":"1.14.0"},"FlashnewsWebPartStrings":{"type":"path","path":"FlashnewsWebPartStrings_en-us_78f6262a6278fe7e1b1580fbfc379938.js"},"@microsoft/sp-webpart-base":{"type":"component","id":"974a7777-0990-4136-8fa6-95d80114c2e0","version":"1.14.0"},"react":{"type":"component","id":"0d910c1c-13b9-4e1c-9aa4-b008c5e42d7d","version":"16.13.1"},"react-dom":{"type":"component","id":"aa0a46ec-1505-43cd-a44a-93f3a5aa460a","version":"16.13.1"},"@microsoft/sp-http":{"type":"component","id":"c07208f0-ea3b-4c1a-9965-ac1b825211a6","version":"1.14.0"},"jquery":{"type":"path","path":"jquery_00727d1d5d9c90f7de826f1a4a9cc632.js"},"PropertyControlStrings":{"type":"localizedPath","paths":{"bg-BG":"PropertyControlStrings_bg-bg_915392adfc006178b111ef43c4c4f134.js","ca-ES":"PropertyControlStrings_ca-es_c189866c46fa54db663671ef3ffc58dd.js","da-DK":"PropertyControlStrings_da-dk_7aaa7cb9645d973bf154922d2da79bdc.js","de-DE":"PropertyControlStrings_de-de_91244fded178aa2c33e59da30f3b6b9e.js","el-GR":"PropertyControlStrings_el-gr_5fdb3d4823b1603ddda46e61518971e2.js","en-GB":"PropertyControlStrings_en-gb_edd9314c9df7e88545657a033f4e14ae.js","en-US":"PropertyControlStrings_en-us_642e92ef9954452370aba3137db21132.js","es-ES":"PropertyControlStrings_es-es_689c8b69f0a1361216f73608be6c063b.js","et-EE":"PropertyControlStrings_et-ee_01480cf74e5683e0a1b30c0969b469f9.js","fi-FI":"PropertyControlStrings_fi-fi_77eed38ef227577c1e777c90d4ab654c.js","fr-FR":"PropertyControlStrings_fr-fr_92db6779d4f95976c1f53f47fe1038cc.js","it-IT":"PropertyControlStrings_it-it_ec89b45255c58b8a32b116fc9ccfd1ac.js","ja-JP":"PropertyControlStrings_ja-jp_44544714256a75a221ff67e661917f7e.js","lt-LT":"PropertyControlStrings_lt-lt_8affd603f16b9120508d9494d908bf5b.js","lv-LV":"PropertyControlStrings_lv-lv_574ac773471a704a07ba0adc8b8ee94a.js","nb-NO":"PropertyControlStrings_nb-no_7679bdf20ca162ea3bb05d8b8e280057.js","nl-NL":"PropertyControlStrings_nl-nl_7a387682af8c11d2f375756cdbbefeb5.js","no":"PropertyControlStrings_no_a887d9d78383ae2b4bb5bb3ddc10c854.js","pl-PL":"PropertyControlStrings_pl-pl_10f17d41e78fea38f61da347c7630de6.js","pt-PT":"PropertyControlStrings_pt-pt_9c64098d8bf448198f22382f646fd38b.js","ro-RO":"PropertyControlStrings_ro-ro_b28611241b43c19c7d84b34844e1817b.js","ru-RU":"PropertyControlStrings_ru-ru_9f791d6cfde2af1db8815ef42ed8df3e.js","sk-SK":"PropertyControlStrings_sk-sk_11891e4bf57974962b4d6668a933e3c9.js","sr-Latn-RS":"PropertyControlStrings_sr-latn-rs_989dded8b40333ffc8ce6a73ee204c63.js","sv-SE":"PropertyControlStrings_sv-se_b216333496befe0fb66a6152ec1d3f95.js","tr-TR":"PropertyControlStrings_tr-tr_23555c2affff45982d4bc82da9c99f82.js","vi-VN":"PropertyControlStrings_vi-vn_0a42f174e7b546104c186b139e526bc4.js","zh-CN":"PropertyControlStrings_zh-cn_f52e3a43a2b9311567286b34565fc9aa.js","zh-TW":"PropertyControlStrings_zh-tw_3d1a41b32d4ad47d4654442a315ff2e2.js"},"defaultPath":"PropertyControlStrings_en-us_642e92ef9954452370aba3137db21132.js"}}}}]